YQ4gaf src,Raz√£o Social,rllt__details,yi40Hd,RDApEe,Endere√ßo e telefone,rllt__details 3,Site,BSaJxc,yYlJEf href 2,UbRuwe,gqguwf,Instagram
"data:image/png;base64,iVBORw0KGgoAAAANSUhEUgAAADAAAAAwCAMAAABg3Am1AAAAQlBMVEVHcEwac+gac+gac+hlnJYac+g1jbOByZWByZVtvYM7oFgejj4nk0aByZUejj6ByZXzqB3qhgDqhgD0qBr8yTT8yTT2svvNAAAAFnRSTlMAhOv/Eb88r/////+4cG6/QJ////+nISczlwAAALRJREFUeAHV0kUWxDAMA1AHy9ze/6pT5vopw/1rKwrRjwiplBSaQNqonrTo+mpkwAI1wyqsmom/CLQkcAbgloCE0YSywhgj6I6s528EYdSKLy838beCaJTi81xC+zthtNBgwSz9eCB+f0OLD7S4W6Iz9rrCEpQIQna+pZNsK+6kmu4gL8pWVdWMJqdZUY7aBBfZzuOJvCzRRL4tQCvKjZrlHNAfb3A+tPO1uj7cs18D/nzf8QCycjvSZdC/XAAAAABJRU5ErkJggg==",Clinica Odontol√≥gica Biehl,¬∑ Cl√≠nica odontol√≥gica,"4,9",(43),"Avenida Cristov√£o Colombo, 2430 ¬∑ (51) 3024-4810",Aberto ‚ãÖ Fecha √†s 18:00,https://www.googleadservices.com/pagead/aclk?sa=L&ai=DChcSEwiV6feNhcX-AhXIEkwKHR6ACBoYABAHGgJvYQ&ohost=www.google.com&cid=CAESa-D2q4eiBzM0mh4jKzZs68HWUWQ4-JFPLkVdo8uRc_7UkYFjI6N8_8KL8xbc6hYAi3_j3txSy6tyIE1qXWS8USqrqgQWi4URKoTlEx3UFK0iMhmoYtymGkOrI_NADLQmA805WkSh_KlJNKvi&sig=AOD64_095kdoTyiCgm-4zcIBCmoVI7ZzeA&q=&ctype=99&ved=2ahUKEwjdleuNhcX-AhUBnpUCHfk_CikQhKwBegQIBBAN&adurl=,Site,"https://www.google.com/search?rlz=1C1GCEA_enBR1017BR1017&sxsrf=APwXEdezo9svTB193Qfnc06v2DJbtGC9Nw:1682425953768&q=clinicas+de+odontologia+em+porto+alegre&npsic=0&rflfq=1&rldoc=1&rllag=-30019392,-51204194,2447&tbm=lcl&sa=X&ved=2ahUKEwjy-NaKhcX-AhWWrpUCHV7PBd8QtgN6BAhoEAE&biw=1366&bih=625&dpr=1#",Rotas,,
"data:image/png;base64,iVBORw0KGgoAAAANSUhEUgAAACgAAAAoCAMAAAC7IEhfAAAAflBMVEVHcEzs8v/b6P/a5//V5P+91f+jxP+gw/+hxP+ox//B1//X5P/4+v/M3v/Q4f/9/f/u9P+ty/+xzf/z9/+jxv+yzf+81P+avv13ne9PfOM5bt+BpvIyat4+cd9DdOCStvmIrfVeiOdslOuTtf+Qsv+HrP+NsP+4zv9Tg/Kpw/9P6VkYAAAAKnRSTlMAJUtjcbD2///qplcQin4ELNzPHv/OtP///////////////9rPsKlt8ITWgCk1AAABgUlEQVR4AX2VBZLDMAwAw1LK4AsYAoft/z94obHk0BaGdkQmb44fhFEUBr63SxgngD0A6eG4ZZ3OCTAQ08t1zYtIs6ThMlwMqxxmQW932ODxdLwUNrkz88TioRhAsHxQ9gwsIi9KKcsiF6xO2y/zlDZVh9GKmeGUOCGv0NWELshMx+RnsNTW68ya6rz03pUFLCtGyUL2YgiWXHNR5xTy6LSMjeSibNBpPCFRuaJCnvsGexEtT+/IxO0aIeDTBtEa8kwrgM/8AgTO50hEjghCWZPWcBIjcMzGyC5999d0npP6CA6Iqi3LViGCQ2DHQyrbjnw8XjKLOIqziKm7azunborPjkLVKNDduyFpTSulNANS6laBoE1B20yoqmuY0cnFVEHKNi62slogy3wwL3QU+OoxTIV0FPqZY6MXEu21kI4rFmZdNJ8CDuwCEDvix5VfKdvi3b18vrbEb+51nH7Wxd/lXfr3Wmqvv9Wr+f2aaW83HOP487LW79HbxQ/+OpbPxz+OulJiB8BuewAAAABJRU5ErkJggg==",Provence Odontologia,¬∑ Cl√≠nica odontol√≥gica,"5,0",(25),"Av. Assis Brasil, 364 ¬∑ (51) 3508-8333",Aberto ‚ãÖ Fecha √†s 18:30,http://www.provenceodontologia.com.br/,Site,"https://www.google.com/search?rlz=1C1GCEA_enBR1017BR1017&sxsrf=APwXEdezo9svTB193Qfnc06v2DJbtGC9Nw:1682425953768&q=clinicas+de+odontologia+em+porto+alegre&npsic=0&rflfq=1&rldoc=1&rllag=-30019392,-51204194,2447&tbm=lcl&sa=X&ved=2ahUKEwjy-NaKhcX-AhWWrpUCHV7PBd8QtgN6BAhoEAE&biw=1366&bih=625&dpr=1#",Rotas,"""Funcion√°rios e estrutura da cl√≠nica impec√°veis!""",https://www.instagram.com/provenceodontologia/
,Portodonto Cl√≠nica Odontol√≥gica,¬∑ Cl√≠nica odontol√≥gica,"3,3",(16),"R. Gen. Vitorino, 77 - sala 803 ¬∑ (41) 3224-9000",Aberto ‚ãÖ Fecha √†s 18:00,https://www.facebook.com/clinicaportodonto/,Site,"https://www.google.com/search?rlz=1C1GCEA_enBR1017BR1017&sxsrf=APwXEdezo9svTB193Qfnc06v2DJbtGC9Nw:1682425953768&q=clinicas+de+odontologia+em+porto+alegre&npsic=0&rflfq=1&rldoc=1&rllag=-30019392,-51204194,2447&tbm=lcl&sa=X&ved=2ahUKEwjy-NaKhcX-AhWWrpUCHV7PBd8QtgN6BAhoEAE&biw=1366&bih=625&dpr=1#",Rotas,,
"data:image/png;base64,iVBORw0KGgoAAAANSUhEUgAAACgAAAAoCAMAAAC7IEhfAAAAflBMVEVHcEzs8v/b6P/a5//V5P+91f+jxP+gw/+hxP+ox//B1//X5P/4+v/M3v/Q4f/9/f/u9P+ty/+xzf/z9/+jxv+yzf+81P+avv13ne9PfOM5bt+BpvIyat4+cd9DdOCStvmIrfVeiOdslOuTtf+Qsv+HrP+NsP+4zv9Tg/Kpw/9P6VkYAAAAKnRSTlMAJUtjcbD2///qplcQin4ELNzPHv/OtP///////////////9rPsKlt8ITWgCk1AAABgUlEQVR4AX2VBZLDMAwAw1LK4AsYAoft/z94obHk0BaGdkQmb44fhFEUBr63SxgngD0A6eG4ZZ3OCTAQ08t1zYtIs6ThMlwMqxxmQW932ODxdLwUNrkz88TioRhAsHxQ9gwsIi9KKcsiF6xO2y/zlDZVh9GKmeGUOCGv0NWELshMx+RnsNTW68ya6rz03pUFLCtGyUL2YgiWXHNR5xTy6LSMjeSibNBpPCFRuaJCnvsGexEtT+/IxO0aIeDTBtEa8kwrgM/8AgTO50hEjghCWZPWcBIjcMzGyC5999d0npP6CA6Iqi3LViGCQ2DHQyrbjnw8XjKLOIqziKm7azunborPjkLVKNDduyFpTSulNANS6laBoE1B20yoqmuY0cnFVEHKNi62slogy3wwL3QU+OoxTIV0FPqZY6MXEu21kI4rFmZdNJ8CDuwCEDvix5VfKdvi3b18vrbEb+51nH7Wxd/lXfr3Wmqvv9Wr+f2aaW83HOP487LW79HbxQ/+OpbPxz+OulJiB8BuewAAAABJRU5ErkJggg==",Cl√≠nica HB Odontologia,¬∑ Cl√≠nica odontol√≥gica,"5,0",(25),"Av. Crist√≥v√£o Colombo, 2149 - Sala 416 ¬∑ (51) 3391-5053",Aberto ‚ãÖ Fecha √†s 18:00,http://www.clinicahb.com.br/,Site,"https://www.google.com/search?rlz=1C1GCEA_enBR1017BR1017&sxsrf=APwXEdezo9svTB193Qfnc06v2DJbtGC9Nw:1682425953768&q=clinicas+de+odontologia+em+porto+alegre&npsic=0&rflfq=1&rldoc=1&rllag=-30019392,-51204194,2447&tbm=lcl&sa=X&ved=2ahUKEwjy-NaKhcX-AhWWrpUCHV7PBd8QtgN6BAhoEAE&biw=1366&bih=625&dpr=1#",Rotas,"""Agora t√° no n√≠vel de cl√≠nica.""",
"data:image/png;base64,iVBORw0KGgoAAAANSUhEUgAAACgAAAAoCAMAAAC7IEhfAAAAflBMVEVHcEzs8v/b6P/a5//V5P+91f+jxP+gw/+hxP+ox//B1//X5P/4+v/M3v/Q4f/9/f/u9P+ty/+xzf/z9/+jxv+yzf+81P+avv13ne9PfOM5bt+BpvIyat4+cd9DdOCStvmIrfVeiOdslOuTtf+Qsv+HrP+NsP+4zv9Tg/Kpw/9P6VkYAAAAKnRSTlMAJUtjcbD2///qplcQin4ELNzPHv/OtP///////////////9rPsKlt8ITWgCk1AAABgUlEQVR4AX2VBZLDMAwAw1LK4AsYAoft/z94obHk0BaGdkQmb44fhFEUBr63SxgngD0A6eG4ZZ3OCTAQ08t1zYtIs6ThMlwMqxxmQW932ODxdLwUNrkz88TioRhAsHxQ9gwsIi9KKcsiF6xO2y/zlDZVh9GKmeGUOCGv0NWELshMx+RnsNTW68ya6rz03pUFLCtGyUL2YgiWXHNR5xTy6LSMjeSibNBpPCFRuaJCnvsGexEtT+/IxO0aIeDTBtEa8kwrgM/8AgTO50hEjghCWZPWcBIjcMzGyC5999d0npP6CA6Iqi3LViGCQ2DHQyrbjnw8XjKLOIqziKm7azunborPjkLVKNDduyFpTSulNANS6laBoE1B20yoqmuY0cnFVEHKNi62slogy3wwL3QU+OoxTIV0FPqZY6MXEu21kI4rFmZdNJ8CDuwCEDvix5VfKdvi3b18vrbEb+51nH7Wxd/lXfr3Wmqvv9Wr+f2aaW83HOP487LW79HbxQ/+OpbPxz+OulJiB8BuewAAAABJRU5ErkJggg==",SORRIDENTS Cl√≠nica Odontol√≥gica Dentista Porto Alegre Centro,¬∑ Cl√≠nica odontol√≥gica,"5,0",(508),"R. dos Andradas, 1745 ¬∑ (51) 3340-5959",Aberto ‚ãÖ Fecha √†s 19:00,https://sorridents.com.br/unidade/porto-alegre-centro,Site,"https://www.google.com/search?rlz=1C1GCEA_enBR1017BR1017&sxsrf=APwXEdezo9svTB193Qfnc06v2DJbtGC9Nw:1682425953768&q=clinicas+de+odontologia+em+porto+alegre&npsic=0&rflfq=1&rldoc=1&rllag=-30019392,-51204194,2447&tbm=lcl&sa=X&ved=2ahUKEwjy-NaKhcX-AhWWrpUCHV7PBd8QtgN6BAhoEAE&biw=1366&bih=625&dpr=1#",Rotas,"""Cl√≠nica diferenciada, atendimento excelente!""",https://www.instagram.com/sorridents_clinicas/
,Advanced Odontologia,¬∑ Cl√≠nica odontol√≥gica,"4,4",(7),"Av. Independ√™ncia, 925 - sala 1206 ¬∑ (51) 3028-9304",Aberto ‚ãÖ Fecha √†s 19:00,https://www.advancedodontologia.com.br/,Site,"https://www.google.com/search?rlz=1C1GCEA_enBR1017BR1017&sxsrf=APwXEdezo9svTB193Qfnc06v2DJbtGC9Nw:1682425953768&q=clinicas+de+odontologia+em+porto+alegre&npsic=0&rflfq=1&rldoc=1&rllag=-30019392,-51204194,2447&tbm=lcl&sa=X&ved=2ahUKEwjy-NaKhcX-AhWWrpUCHV7PBd8QtgN6BAhoEAE&biw=1366&bih=625&dpr=1#",Rotas,,https://www.instagram.com/advancedodontologia
"data:image/png;base64,iVBORw0KGgoAAAANSUhEUgAAACgAAAAoCAMAAAC7IEhfAAAAflBMVEVHcEzs8v/b6P/a5//V5P+91f+jxP+gw/+hxP+ox//B1//X5P/4+v/M3v/Q4f/9/f/u9P+ty/+xzf/z9/+jxv+yzf+81P+avv13ne9PfOM5bt+BpvIyat4+cd9DdOCStvmIrfVeiOdslOuTtf+Qsv+HrP+NsP+4zv9Tg/Kpw/9P6VkYAAAAKnRSTlMAJUtjcbD2///qplcQin4ELNzPHv/OtP///////////////9rPsKlt8ITWgCk1AAABgUlEQVR4AX2VBZLDMAwAw1LK4AsYAoft/z94obHk0BaGdkQmb44fhFEUBr63SxgngD0A6eG4ZZ3OCTAQ08t1zYtIs6ThMlwMqxxmQW932ODxdLwUNrkz88TioRhAsHxQ9gwsIi9KKcsiF6xO2y/zlDZVh9GKmeGUOCGv0NWELshMx+RnsNTW68ya6rz03pUFLCtGyUL2YgiWXHNR5xTy6LSMjeSibNBpPCFRuaJCnvsGexEtT+/IxO0aIeDTBtEa8kwrgM/8AgTO50hEjghCWZPWcBIjcMzGyC5999d0npP6CA6Iqi3LViGCQ2DHQyrbjnw8XjKLOIqziKm7azunborPjkLVKNDduyFpTSulNANS6laBoE1B20yoqmuY0cnFVEHKNi62slogy3wwL3QU+OoxTIV0FPqZY6MXEu21kI4rFmZdNJ8CDuwCEDvix5VfKdvi3b18vrbEb+51nH7Wxd/lXfr3Wmqvv9Wr+f2aaW83HOP487LW79HbxQ/+OpbPxz+OulJiB8BuewAAAABJRU5ErkJggg==",HERA ODONTOLOGIA Dentista Porto Alegre ‚Ä¢ Bairro Higien√≥polis ‚Ä¢ Invisalign Porto Alegre ‚Ä¢ Lentes de contato dental,¬∑ Dentista,"4,9",(65),"Pra√ßa Alberto Ramos, 812/405 ¬∑ (51) 99166-1164",Aberto ‚ãÖ Fecha √†s 19:00,https://www.heraodontologia.poa.br/,Site,"https://www.google.com/search?rlz=1C1GCEA_enBR1017BR1017&sxsrf=APwXEdezo9svTB193Qfnc06v2DJbtGC9Nw:1682425953768&q=clinicas+de+odontologia+em+porto+alegre&npsic=0&rflfq=1&rldoc=1&rllag=-30019392,-51204194,2447&tbm=lcl&sa=X&ved=2ahUKEwjy-NaKhcX-AhWWrpUCHV7PBd8QtgN6BAhoEAE&biw=1366&bih=625&dpr=1#",Rotas,"""Uma das melhores  de POA, excelentes profissionais!!""",https://www.instagram.com/hera.odontologia/
"data:image/png;base64,iVBORw0KGgoAAAANSUhEUgAAACgAAAAoCAMAAAC7IEhfAAAAflBMVEVHcEzs8v/b6P/a5//V5P+91f+jxP+gw/+hxP+ox//B1//X5P/4+v/M3v/Q4f/9/f/u9P+ty/+xzf/z9/+jxv+yzf+81P+avv13ne9PfOM5bt+BpvIyat4+cd9DdOCStvmIrfVeiOdslOuTtf+Qsv+HrP+NsP+4zv9Tg/Kpw/9P6VkYAAAAKnRSTlMAJUtjcbD2///qplcQin4ELNzPHv/OtP///////////////9rPsKlt8ITWgCk1AAABgUlEQVR4AX2VBZLDMAwAw1LK4AsYAoft/z94obHk0BaGdkQmb44fhFEUBr63SxgngD0A6eG4ZZ3OCTAQ08t1zYtIs6ThMlwMqxxmQW932ODxdLwUNrkz88TioRhAsHxQ9gwsIi9KKcsiF6xO2y/zlDZVh9GKmeGUOCGv0NWELshMx+RnsNTW68ya6rz03pUFLCtGyUL2YgiWXHNR5xTy6LSMjeSibNBpPCFRuaJCnvsGexEtT+/IxO0aIeDTBtEa8kwrgM/8AgTO50hEjghCWZPWcBIjcMzGyC5999d0npP6CA6Iqi3LViGCQ2DHQyrbjnw8XjKLOIqziKm7azunborPjkLVKNDduyFpTSulNANS6laBoE1B20yoqmuY0cnFVEHKNi62slogy3wwL3QU+OoxTIV0FPqZY6MXEu21kI4rFmZdNJ8CDuwCEDvix5VfKdvi3b18vrbEb+51nH7Wxd/lXfr3Wmqvv9Wr+f2aaW83HOP487LW79HbxQ/+OpbPxz+OulJiB8BuewAAAABJRU5ErkJggg==",Cl√≠nica Bela Vista | Dentista Porto Alegre,¬∑ Dentista,"5,0",(90),"Av. Ot√°vio Rocha, 179 - sl 31 ¬∑ (51) 3212-6339",Aberto ‚ãÖ Fecha √†s 12:00,https://belavistaodonto.com.br/#,Site,"https://www.google.com/search?rlz=1C1GCEA_enBR1017BR1017&sxsrf=APwXEdezo9svTB193Qfnc06v2DJbtGC9Nw:1682425953768&q=clinicas+de+odontologia+em+porto+alegre&npsic=0&rflfq=1&rldoc=1&rllag=-30019392,-51204194,2447&tbm=lcl&sa=X&ved=2ahUKEwjy-NaKhcX-AhWWrpUCHV7PBd8QtgN6BAhoEAE&biw=1366&bih=625&dpr=1#",Rotas,"""Cl√≠nica e profissionais maravilhosos.""",https://www.instagram.com/belavistaodontologia/
"data:image/png;base64,iVBORw0KGgoAAAANSUhEUgAAACgAAAAoCAMAAAC7IEhfAAAAflBMVEVHcEzs8v/b6P/a5//V5P+91f+jxP+gw/+hxP+ox//B1//X5P/4+v/M3v/Q4f/9/f/u9P+ty/+xzf/z9/+jxv+yzf+81P+avv13ne9PfOM5bt+BpvIyat4+cd9DdOCStvmIrfVeiOdslOuTtf+Qsv+HrP+NsP+4zv9Tg/Kpw/9P6VkYAAAAKnRSTlMAJUtjcbD2///qplcQin4ELNzPHv/OtP///////////////9rPsKlt8ITWgCk1AAABgUlEQVR4AX2VBZLDMAwAw1LK4AsYAoft/z94obHk0BaGdkQmb44fhFEUBr63SxgngD0A6eG4ZZ3OCTAQ08t1zYtIs6ThMlwMqxxmQW932ODxdLwUNrkz88TioRhAsHxQ9gwsIi9KKcsiF6xO2y/zlDZVh9GKmeGUOCGv0NWELshMx+RnsNTW68ya6rz03pUFLCtGyUL2YgiWXHNR5xTy6LSMjeSibNBpPCFRuaJCnvsGexEtT+/IxO0aIeDTBtEa8kwrgM/8AgTO50hEjghCWZPWcBIjcMzGyC5999d0npP6CA6Iqi3LViGCQ2DHQyrbjnw8XjKLOIqziKm7azunborPjkLVKNDduyFpTSulNANS6laBoE1B20yoqmuY0cnFVEHKNi62slogy3wwL3QU+OoxTIV0FPqZY6MXEu21kI4rFmZdNJ8CDuwCEDvix5VfKdvi3b18vrbEb+51nH7Wxd/lXfr3Wmqvv9Wr+f2aaW83HOP487LW79HbxQ/+OpbPxz+OulJiB8BuewAAAABJRU5ErkJggg==",Cl√≠nica Kok- Odontologia Especializada,¬∑ Cl√≠nica odontol√≥gica,"5,0",(49),"Av. Cel. Lucas de Oliveira, 2055 ¬∑ (51) 3060-9007",Aberto ‚ãÖ Fecha √†s 18:30,http://www.clinicakok.com.br/,Site,"https://www.google.com/search?rlz=1C1GCEA_enBR1017BR1017&sxsrf=APwXEdezo9svTB193Qfnc06v2DJbtGC9Nw:1682425953768&q=clinicas+de+odontologia+em+porto+alegre&npsic=0&rflfq=1&rldoc=1&rllag=-30019392,-51204194,2447&tbm=lcl&sa=X&ved=2ahUKEwjy-NaKhcX-AhWWrpUCHV7PBd8QtgN6BAhoEAE&biw=1366&bih=625&dpr=1#",Rotas,"""Cl√≠nica maravilhosa!""",
"data:image/png;base64,iVBORw0KGgoAAAANSUhEUgAAACgAAAAoCAMAAAC7IEhfAAAAflBMVEVHcEzs8v/b6P/a5//V5P+91f+jxP+gw/+hxP+ox//B1//X5P/4+v/M3v/Q4f/9/f/u9P+ty/+xzf/z9/+jxv+yzf+81P+avv13ne9PfOM5bt+BpvIyat4+cd9DdOCStvmIrfVeiOdslOuTtf+Qsv+HrP+NsP+4zv9Tg/Kpw/9P6VkYAAAAKnRSTlMAJUtjcbD2///qplcQin4ELNzPHv/OtP///////////////9rPsKlt8ITWgCk1AAABgUlEQVR4AX2VBZLDMAwAw1LK4AsYAoft/z94obHk0BaGdkQmb44fhFEUBr63SxgngD0A6eG4ZZ3OCTAQ08t1zYtIs6ThMlwMqxxmQW932ODxdLwUNrkz88TioRhAsHxQ9gwsIi9KKcsiF6xO2y/zlDZVh9GKmeGUOCGv0NWELshMx+RnsNTW68ya6rz03pUFLCtGyUL2YgiWXHNR5xTy6LSMjeSibNBpPCFRuaJCnvsGexEtT+/IxO0aIeDTBtEa8kwrgM/8AgTO50hEjghCWZPWcBIjcMzGyC5999d0npP6CA6Iqi3LViGCQ2DHQyrbjnw8XjKLOIqziKm7azunborPjkLVKNDduyFpTSulNANS6laBoE1B20yoqmuY0cnFVEHKNi62slogy3wwL3QU+OoxTIV0FPqZY6MXEu21kI4rFmZdNJ8CDuwCEDvix5VfKdvi3b18vrbEb+51nH7Wxd/lXfr3Wmqvv9Wr+f2aaW83HOP487LW79HbxQ/+OpbPxz+OulJiB8BuewAAAABJRU5ErkJggg==",Fare Odonto e Sa√∫de,¬∑ Cl√≠nica odontol√≥gica,"5,0",(96),"R. Bar√£o do Cotegipe, 149 ¬∑ (51) 3391-1191",Aberto ‚ãÖ Fecha √†s 18:00,,,"https://www.google.com/search?rlz=1C1GCEA_enBR1017BR1017&sxsrf=APwXEdezo9svTB193Qfnc06v2DJbtGC9Nw:1682425953768&q=clinicas+de+odontologia+em+porto+alegre&npsic=0&rflfq=1&rldoc=1&rllag=-30019392,-51204194,2447&tbm=lcl&sa=X&ved=2ahUKEwjy-NaKhcX-AhWWrpUCHV7PBd8QtgN6BAhoEAE&biw=1366&bih=625&dpr=1#",Rotas,"""Cl√≠nica moderna e bonita.""",
"data:image/png;base64,iVBORw0KGgoAAAANSUhEUgAAACgAAAAoCAMAAAC7IEhfAAAAflBMVEVHcEzs8v/b6P/a5//V5P+91f+jxP+gw/+hxP+ox//B1//X5P/4+v/M3v/Q4f/9/f/u9P+ty/+xzf/z9/+jxv+yzf+81P+avv13ne9PfOM5bt+BpvIyat4+cd9DdOCStvmIrfVeiOdslOuTtf+Qsv+HrP+NsP+4zv9Tg/Kpw/9P6VkYAAAAKnRSTlMAJUtjcbD2///qplcQin4ELNzPHv/OtP///////////////9rPsKlt8ITWgCk1AAABgUlEQVR4AX2VBZLDMAwAw1LK4AsYAoft/z94obHk0BaGdkQmb44fhFEUBr63SxgngD0A6eG4ZZ3OCTAQ08t1zYtIs6ThMlwMqxxmQW932ODxdLwUNrkz88TioRhAsHxQ9gwsIi9KKcsiF6xO2y/zlDZVh9GKmeGUOCGv0NWELshMx+RnsNTW68ya6rz03pUFLCtGyUL2YgiWXHNR5xTy6LSMjeSibNBpPCFRuaJCnvsGexEtT+/IxO0aIeDTBtEa8kwrgM/8AgTO50hEjghCWZPWcBIjcMzGyC5999d0npP6CA6Iqi3LViGCQ2DHQyrbjnw8XjKLOIqziKm7azunborPjkLVKNDduyFpTSulNANS6laBoE1B20yoqmuY0cnFVEHKNi62slogy3wwL3QU+OoxTIV0FPqZY6MXEu21kI4rFmZdNJ8CDuwCEDvix5VfKdvi3b18vrbEb+51nH7Wxd/lXfr3Wmqvv9Wr+f2aaW83HOP487LW79HbxQ/+OpbPxz+OulJiB8BuewAAAABJRU5ErkJggg==",Odontologia Integrada RS,¬∑ Cl√≠nica odontol√≥gica,"5,0",(46),"R. Gen. Lima e Silva, 809 ¬∑ (51) 99214-9690",Aberto ‚ãÖ Fecha √†s 18:00,http://www.oirs.com.br/,Site,"https://www.google.com/search?rlz=1C1GCEA_enBR1017BR1017&sxsrf=APwXEdezo9svTB193Qfnc06v2DJbtGC9Nw:1682425953768&q=clinicas+de+odontologia+em+porto+alegre&npsic=0&rflfq=1&rldoc=1&rllag=-30019392,-51204194,2447&tbm=lcl&sa=X&ved=2ahUKEwjy-NaKhcX-AhWWrpUCHV7PBd8QtgN6BAhoEAE&biw=1366&bih=625&dpr=1#",Rotas,"""Cl√≠nica f√°cil acesso e bem localizada.""",https://www.instagram.com/odontointegradars/
"data:image/png;base64,iVBORw0KGgoAAAANSUhEUgAAACgAAAAoCAMAAAC7IEhfAAAAflBMVEVHcEzs8v/b6P/a5//V5P+91f+jxP+gw/+hxP+ox//B1//X5P/4+v/M3v/Q4f/9/f/u9P+ty/+xzf/z9/+jxv+yzf+81P+avv13ne9PfOM5bt+BpvIyat4+cd9DdOCStvmIrfVeiOdslOuTtf+Qsv+HrP+NsP+4zv9Tg/Kpw/9P6VkYAAAAKnRSTlMAJUtjcbD2///qplcQin4ELNzPHv/OtP///////////////9rPsKlt8ITWgCk1AAABgUlEQVR4AX2VBZLDMAwAw1LK4AsYAoft/z94obHk0BaGdkQmb44fhFEUBr63SxgngD0A6eG4ZZ3OCTAQ08t1zYtIs6ThMlwMqxxmQW932ODxdLwUNrkz88TioRhAsHxQ9gwsIi9KKcsiF6xO2y/zlDZVh9GKmeGUOCGv0NWELshMx+RnsNTW68ya6rz03pUFLCtGyUL2YgiWXHNR5xTy6LSMjeSibNBpPCFRuaJCnvsGexEtT+/IxO0aIeDTBtEa8kwrgM/8AgTO50hEjghCWZPWcBIjcMzGyC5999d0npP6CA6Iqi3LViGCQ2DHQyrbjnw8XjKLOIqziKm7azunborPjkLVKNDduyFpTSulNANS6laBoE1B20yoqmuY0cnFVEHKNi62slogy3wwL3QU+OoxTIV0FPqZY6MXEu21kI4rFmZdNJ8CDuwCEDvix5VfKdvi3b18vrbEb+51nH7Wxd/lXfr3Wmqvv9Wr+f2aaW83HOP487LW79HbxQ/+OpbPxz+OulJiB8BuewAAAABJRU5ErkJggg==",Clinica Press Odontologia Est√©tica,¬∑ Cl√≠nica odontol√≥gica,"4,5",(60),"R. Schiller, 40 ¬∑ (51) 3237-0072",Aberto ‚ãÖ Fecha √†s 18:30,http://www.clinicaodontopress.com.br/,Site,"https://www.google.com/search?rlz=1C1GCEA_enBR1017BR1017&sxsrf=APwXEdezo9svTB193Qfnc06v2DJbtGC9Nw:1682425953768&q=clinicas+de+odontologia+em+porto+alegre&npsic=0&rflfq=1&rldoc=1&rllag=-30019392,-51204194,2447&tbm=lcl&sa=X&ved=2ahUKEwjy-NaKhcX-AhWWrpUCHV7PBd8QtgN6BAhoEAE&biw=1366&bih=625&dpr=1#",Rotas,"""Cl√≠nica de excelente qualidade .""",
"data:image/png;base64,iVBORw0KGgoAAAANSUhEUgAAACgAAAAoCAMAAAC7IEhfAAAAflBMVEVHcEzs8v/b6P/a5//V5P+91f+jxP+gw/+hxP+ox//B1//X5P/4+v/M3v/Q4f/9/f/u9P+ty/+xzf/z9/+jxv+yzf+81P+avv13ne9PfOM5bt+BpvIyat4+cd9DdOCStvmIrfVeiOdslOuTtf+Qsv+HrP+NsP+4zv9Tg/Kpw/9P6VkYAAAAKnRSTlMAJUtjcbD2///qplcQin4ELNzPHv/OtP///////////////9rPsKlt8ITWgCk1AAABgUlEQVR4AX2VBZLDMAwAw1LK4AsYAoft/z94obHk0BaGdkQmb44fhFEUBr63SxgngD0A6eG4ZZ3OCTAQ08t1zYtIs6ThMlwMqxxmQW932ODxdLwUNrkz88TioRhAsHxQ9gwsIi9KKcsiF6xO2y/zlDZVh9GKmeGUOCGv0NWELshMx+RnsNTW68ya6rz03pUFLCtGyUL2YgiWXHNR5xTy6LSMjeSibNBpPCFRuaJCnvsGexEtT+/IxO0aIeDTBtEa8kwrgM/8AgTO50hEjghCWZPWcBIjcMzGyC5999d0npP6CA6Iqi3LViGCQ2DHQyrbjnw8XjKLOIqziKm7azunborPjkLVKNDduyFpTSulNANS6laBoE1B20yoqmuY0cnFVEHKNi62slogy3wwL3QU+OoxTIV0FPqZY6MXEu21kI4rFmZdNJ8CDuwCEDvix5VfKdvi3b18vrbEb+51nH7Wxd/lXfr3Wmqvv9Wr+f2aaW83HOP487LW79HbxQ/+OpbPxz+OulJiB8BuewAAAABJRU5ErkJggg==",Poaclin Odontologia,¬∑ Cl√≠nica odontol√≥gica,"4,0",(10),"R. Mal. Floriano Peixoto, 155 ¬∑ (51) 3216-3000",Aberto ‚ãÖ Fecha √†s 18:30,http://www.poaclin.com.br/,Site,"https://www.google.com/search?rlz=1C1GCEA_enBR1017BR1017&sxsrf=APwXEdezo9svTB193Qfnc06v2DJbtGC9Nw:1682425953768&q=clinicas+de+odontologia+em+porto+alegre&npsic=0&rflfq=1&rldoc=1&rllag=-30019392,-51204194,2447&tbm=lcl&sa=X&ved=2ahUKEwjy-NaKhcX-AhWWrpUCHV7PBd8QtgN6BAhoEAE&biw=1366&bih=625&dpr=1#",Rotas,"""Primeira vez que fui na cl√≠nica.""",https://www.instagram.com/poaclin/
"data:image/png;base64,iVBORw0KGgoAAAANSUhEUgAAACgAAAAoCAMAAAC7IEhfAAAAflBMVEVHcEzs8v/b6P/a5//V5P+91f+jxP+gw/+hxP+ox//B1//X5P/4+v/M3v/Q4f/9/f/u9P+ty/+xzf/z9/+jxv+yzf+81P+avv13ne9PfOM5bt+BpvIyat4+cd9DdOCStvmIrfVeiOdslOuTtf+Qsv+HrP+NsP+4zv9Tg/Kpw/9P6VkYAAAAKnRSTlMAJUtjcbD2///qplcQin4ELNzPHv/OtP///////////////9rPsKlt8ITWgCk1AAABgUlEQVR4AX2VBZLDMAwAw1LK4AsYAoft/z94obHk0BaGdkQmb44fhFEUBr63SxgngD0A6eG4ZZ3OCTAQ08t1zYtIs6ThMlwMqxxmQW932ODxdLwUNrkz88TioRhAsHxQ9gwsIi9KKcsiF6xO2y/zlDZVh9GKmeGUOCGv0NWELshMx+RnsNTW68ya6rz03pUFLCtGyUL2YgiWXHNR5xTy6LSMjeSibNBpPCFRuaJCnvsGexEtT+/IxO0aIeDTBtEa8kwrgM/8AgTO50hEjghCWZPWcBIjcMzGyC5999d0npP6CA6Iqi3LViGCQ2DHQyrbjnw8XjKLOIqziKm7azunborPjkLVKNDduyFpTSulNANS6laBoE1B20yoqmuY0cnFVEHKNi62slogy3wwL3QU+OoxTIV0FPqZY6MXEu21kI4rFmZdNJ8CDuwCEDvix5VfKdvi3b18vrbEb+51nH7Wxd/lXfr3Wmqvv9Wr+f2aaW83HOP487LW79HbxQ/+OpbPxz+OulJiB8BuewAAAABJRU5ErkJggg==",Humana Odontologia - Implantes Dent√°rios,¬∑ Cl√≠nica odontol√≥gica,"4,9",(105),"R. Sete de Setembro, 500 ¬∑ (51) 98304-9880",Aberto ‚ãÖ Fecha √†s 18:00,https://humanaodontologia.com.br/,Site,"https://www.google.com/search?rlz=1C1GCEA_enBR1017BR1017&sxsrf=APwXEdezo9svTB193Qfnc06v2DJbtGC9Nw:1682425953768&q=clinicas+de+odontologia+em+porto+alegre&npsic=0&rflfq=1&rldoc=1&rllag=-30019392,-51204194,2447&tbm=lcl&sa=X&ved=2ahUKEwjy-NaKhcX-AhWWrpUCHV7PBd8QtgN6BAhoEAE&biw=1366&bih=625&dpr=1#",Rotas,"""Com toda a certeza eu indico a cl√≠nica!""",
"data:image/png;base64,iVBORw0KGgoAAAANSUhEUgAAACgAAAAoCAMAAAC7IEhfAAAAflBMVEVHcEzs8v/b6P/a5//V5P+91f+jxP+gw/+hxP+ox//B1//X5P/4+v/M3v/Q4f/9/f/u9P+ty/+xzf/z9/+jxv+yzf+81P+avv13ne9PfOM5bt+BpvIyat4+cd9DdOCStvmIrfVeiOdslOuTtf+Qsv+HrP+NsP+4zv9Tg/Kpw/9P6VkYAAAAKnRSTlMAJUtjcbD2///qplcQin4ELNzPHv/OtP///////////////9rPsKlt8ITWgCk1AAABgUlEQVR4AX2VBZLDMAwAw1LK4AsYAoft/z94obHk0BaGdkQmb44fhFEUBr63SxgngD0A6eG4ZZ3OCTAQ08t1zYtIs6ThMlwMqxxmQW932ODxdLwUNrkz88TioRhAsHxQ9gwsIi9KKcsiF6xO2y/zlDZVh9GKmeGUOCGv0NWELshMx+RnsNTW68ya6rz03pUFLCtGyUL2YgiWXHNR5xTy6LSMjeSibNBpPCFRuaJCnvsGexEtT+/IxO0aIeDTBtEa8kwrgM/8AgTO50hEjghCWZPWcBIjcMzGyC5999d0npP6CA6Iqi3LViGCQ2DHQyrbjnw8XjKLOIqziKm7azunborPjkLVKNDduyFpTSulNANS6laBoE1B20yoqmuY0cnFVEHKNi62slogy3wwL3QU+OoxTIV0FPqZY6MXEu21kI4rFmZdNJ8CDuwCEDvix5VfKdvi3b18vrbEb+51nH7Wxd/lXfr3Wmqvv9Wr+f2aaW83HOP487LW79HbxQ/+OpbPxz+OulJiB8BuewAAAABJRU5ErkJggg==",Odontoclinic - Porto Alegre (Azenha),¬∑ Dentista,"4,9",(146),"Av. da Azenha, 1166 ¬∑ (51) 3026-1111",Aberto ‚ãÖ Fecha √†s 19:00,https://www.odontoclinic.com.br/,Site,"https://www.google.com/search?rlz=1C1GCEA_enBR1017BR1017&sxsrf=APwXEdezo9svTB193Qfnc06v2DJbtGC9Nw:1682425953768&q=clinicas+de+odontologia+em+porto+alegre&npsic=0&rflfq=1&rldoc=1&rllag=-30019392,-51204194,2447&tbm=lcl&sa=X&ved=2ahUKEwjy-NaKhcX-AhWWrpUCHV7PBd8QtgN6BAhoEAE&biw=1366&bih=625&dpr=1#",Rotas,""" bem localizada, √≥timo atendimento.""",https://www.instagram.com/odontoclinic/
,Ricchetti Odontologia Porto Alegre,¬∑ Cl√≠nica odontol√≥gica,"4,0",(1),"R. Mostardeiro, 157 - Sala 306 ¬∑ (51) 3574-6168",Aberto ‚ãÖ Fecha √†s 12:00,http://www.linktr.ee/ricchetti,Site,"https://www.google.com/search?rlz=1C1GCEA_enBR1017BR1017&sxsrf=APwXEdezo9svTB193Qfnc06v2DJbtGC9Nw:1682425953768&q=clinicas+de+odontologia+em+porto+alegre&npsic=0&rflfq=1&rldoc=1&rllag=-30019392,-51204194,2447&tbm=lcl&sa=X&ved=2ahUKEwjy-NaKhcX-AhWWrpUCHV7PBd8QtgN6BAhoEAE&biw=1366&bih=625&dpr=1#",Rotas,,https://www.instagram.com/ricchettiodontologia/
"data:image/png;base64,iVBORw0KGgoAAAANSUhEUgAAACgAAAAoCAMAAAC7IEhfAAAAflBMVEVHcEzs8v/b6P/a5//V5P+91f+jxP+gw/+hxP+ox//B1//X5P/4+v/M3v/Q4f/9/f/u9P+ty/+xzf/z9/+jxv+yzf+81P+avv13ne9PfOM5bt+BpvIyat4+cd9DdOCStvmIrfVeiOdslOuTtf+Qsv+HrP+NsP+4zv9Tg/Kpw/9P6VkYAAAAKnRSTlMAJUtjcbD2///qplcQin4ELNzPHv/OtP///////////////9rPsKlt8ITWgCk1AAABgUlEQVR4AX2VBZLDMAwAw1LK4AsYAoft/z94obHk0BaGdkQmb44fhFEUBr63SxgngD0A6eG4ZZ3OCTAQ08t1zYtIs6ThMlwMqxxmQW932ODxdLwUNrkz88TioRhAsHxQ9gwsIi9KKcsiF6xO2y/zlDZVh9GKmeGUOCGv0NWELshMx+RnsNTW68ya6rz03pUFLCtGyUL2YgiWXHNR5xTy6LSMjeSibNBpPCFRuaJCnvsGexEtT+/IxO0aIeDTBtEa8kwrgM/8AgTO50hEjghCWZPWcBIjcMzGyC5999d0npP6CA6Iqi3LViGCQ2DHQyrbjnw8XjKLOIqziKm7azunborPjkLVKNDduyFpTSulNANS6laBoE1B20yoqmuY0cnFVEHKNi62slogy3wwL3QU+OoxTIV0FPqZY6MXEu21kI4rFmZdNJ8CDuwCEDvix5VfKdvi3b18vrbEb+51nH7Wxd/lXfr3Wmqvv9Wr+f2aaW83HOP487LW79HbxQ/+OpbPxz+OulJiB8BuewAAAABJRU5ErkJggg==",Migliore Odontologia - Cl√≠nica Odontol√≥gica em Porto Alegre / Moinhos de Vento. Invisalign e Aparelho do Ronco,¬∑ Cl√≠nica odontol√≥gica,"5,0",(31),"R. 24 de Outubro, 507/301 ¬∑ (51) 3391-7005",Aberto ‚ãÖ Fecha √†s 18:00,http://www.miglioreodontologia.com.br/,Site,"https://www.google.com/search?rlz=1C1GCEA_enBR1017BR1017&sxsrf=APwXEdezo9svTB193Qfnc06v2DJbtGC9Nw:1682425953768&q=clinicas+de+odontologia+em+porto+alegre&npsic=0&rflfq=1&rldoc=1&rllag=-30019392,-51204194,2447&tbm=lcl&sa=X&ved=2ahUKEwjy-NaKhcX-AhWWrpUCHV7PBd8QtgN6BAhoEAE&biw=1366&bih=625&dpr=1#",Rotas,"""Uma cl√≠nica com uma equipe maravilhosa e acolhedora.""",https://www.instagram.com/migliore_odontologia
"data:image/png;base64,iVBORw0KGgoAAAANSUhEUgAAACgAAAAoCAMAAAC7IEhfAAAAflBMVEVHcEzs8v/b6P/a5//V5P+91f+jxP+gw/+hxP+ox//B1//X5P/4+v/M3v/Q4f/9/f/u9P+ty/+xzf/z9/+jxv+yzf+81P+avv13ne9PfOM5bt+BpvIyat4+cd9DdOCStvmIrfVeiOdslOuTtf+Qsv+HrP+NsP+4zv9Tg/Kpw/9P6VkYAAAAKnRSTlMAJUtjcbD2///qplcQin4ELNzPHv/OtP///////////////9rPsKlt8ITWgCk1AAABgUlEQVR4AX2VBZLDMAwAw1LK4AsYAoft/z94obHk0BaGdkQmb44fhFEUBr63SxgngD0A6eG4ZZ3OCTAQ08t1zYtIs6ThMlwMqxxmQW932ODxdLwUNrkz88TioRhAsHxQ9gwsIi9KKcsiF6xO2y/zlDZVh9GKmeGUOCGv0NWELshMx+RnsNTW68ya6rz03pUFLCtGyUL2YgiWXHNR5xTy6LSMjeSibNBpPCFRuaJCnvsGexEtT+/IxO0aIeDTBtEa8kwrgM/8AgTO50hEjghCWZPWcBIjcMzGyC5999d0npP6CA6Iqi3LViGCQ2DHQyrbjnw8XjKLOIqziKm7azunborPjkLVKNDduyFpTSulNANS6laBoE1B20yoqmuY0cnFVEHKNi62slogy3wwL3QU+OoxTIV0FPqZY6MXEu21kI4rFmZdNJ8CDuwCEDvix5VfKdvi3b18vrbEb+51nH7Wxd/lXfr3Wmqvv9Wr+f2aaW83HOP487LW79HbxQ/+OpbPxz+OulJiB8BuewAAAABJRU5ErkJggg==",√Åbile Odontologia Porto Alegre,¬∑ Cl√≠nica odontol√≥gica,"5,0",(45),"Av. Crist√≥v√£o Colombo, 3005 ¬∑ (51) 99255-0548",Aberto ‚ãÖ Fecha √†s 19:00,https://abileodontologia.com.br/,Site,"https://www.google.com/search?rlz=1C1GCEA_enBR1017BR1017&sxsrf=APwXEdezo9svTB193Qfnc06v2DJbtGC9Nw:1682425953768&q=clinicas+de+odontologia+em+porto+alegre&npsic=0&rflfq=1&rldoc=1&rllag=-30019392,-51204194,2447&tbm=lcl&sa=X&ved=2ahUKEwjy-NaKhcX-AhWWrpUCHV7PBd8QtgN6BAhoEAE&biw=1366&bih=625&dpr=1#",Rotas,"""Cl√≠nica diferenciada, recomendo a todos!""",https://www.instagram.com/abileodontologia/
,Porto Alegre Odontologia,Nenhum coment√°rio ¬∑ Cl√≠nica odontol√≥gica,,,"Av. Borges de Medeiros, 343 ¬∑ (51) 3072-3800",,,,"https://www.google.com/search?rlz=1C1GCEA_enBR1017BR1017&sxsrf=APwXEdezo9svTB193Qfnc06v2DJbtGC9Nw:1682425953768&q=clinicas+de+odontologia+em+porto+alegre&npsic=0&rflfq=1&rldoc=1&rllag=-30019392,-51204194,2447&tbm=lcl&sa=X&ved=2ahUKEwjy-NaKhcX-AhWWrpUCHV7PBd8QtgN6BAhoEAE&biw=1366&bih=625&dpr=1#",Rotas,,
"data:image/png;base64,iVBORw0KGgoAAAANSUhEUgAAACgAAAAoCAMAAAC7IEhfAAAAflBMVEVHcEzs8v/b6P/a5//V5P+91f+jxP+gw/+hxP+ox//B1//X5P/4+v/M3v/Q4f/9/f/u9P+ty/+xzf/z9/+jxv+yzf+81P+avv13ne9PfOM5bt+BpvIyat4+cd9DdOCStvmIrfVeiOdslOuTtf+Qsv+HrP+NsP+4zv9Tg/Kpw/9P6VkYAAAAKnRSTlMAJUtjcbD2///qplcQin4ELNzPHv/OtP///////////////9rPsKlt8ITWgCk1AAABgUlEQVR4AX2VBZLDMAwAw1LK4AsYAoft/z94obHk0BaGdkQmb44fhFEUBr63SxgngD0A6eG4ZZ3OCTAQ08t1zYtIs6ThMlwMqxxmQW932ODxdLwUNrkz88TioRhAsHxQ9gwsIi9KKcsiF6xO2y/zlDZVh9GKmeGUOCGv0NWELshMx+RnsNTW68ya6rz03pUFLCtGyUL2YgiWXHNR5xTy6LSMjeSibNBpPCFRuaJCnvsGexEtT+/IxO0aIeDTBtEa8kwrgM/8AgTO50hEjghCWZPWcBIjcMzGyC5999d0npP6CA6Iqi3LViGCQ2DHQyrbjnw8XjKLOIqziKm7azunborPjkLVKNDduyFpTSulNANS6laBoE1B20yoqmuY0cnFVEHKNi62slogy3wwL3QU+OoxTIV0FPqZY6MXEu21kI4rFmZdNJ8CDuwCEDvix5VfKdvi3b18vrbEb+51nH7Wxd/lXfr3Wmqvv9Wr+f2aaW83HOP487LW79HbxQ/+OpbPxz+OulJiB8BuewAAAABJRU5ErkJggg==",Cl√≠nica Oral Unic Porto Alegre,¬∑ Cl√≠nica odontol√≥gica,"4,6",(40),"Av. Pl√≠nio Brasil Milano, 358 ¬∑ (51) 3207-6600",Aberto ‚ãÖ Fecha √†s 19:00,https://www.oralunic.com.br/porto-alegre-rs,Site,"https://www.google.com/search?rlz=1C1GCEA_enBR1017BR1017&sxsrf=APwXEdezo9svTB193Qfnc06v2DJbtGC9Nw:1682425953768&q=clinicas+de+odontologia+em+porto+alegre&npsic=0&rflfq=1&rldoc=1&rllag=-30019392,-51204194,2447&tbm=lcl&sa=X&ved=2ahUKEwjy-NaKhcX-AhWWrpUCHV7PBd8QtgN6BAhoEAE&biw=1366&bih=625&dpr=1#",Rotas,"""Clinica maravilhosa!!""",https://www.instagram.com/oralunicportoalegre/
"data:image/png;base64,iVBORw0KGgoAAAANSUhEUgAAACgAAAAoCAMAAAC7IEhfAAAAflBMVEVHcEzs8v/b6P/a5//V5P+91f+jxP+gw/+hxP+ox//B1//X5P/4+v/M3v/Q4f/9/f/u9P+ty/+xzf/z9/+jxv+yzf+81P+avv13ne9PfOM5bt+BpvIyat4+cd9DdOCStvmIrfVeiOdslOuTtf+Qsv+HrP+NsP+4zv9Tg/Kpw/9P6VkYAAAAKnRSTlMAJUtjcbD2///qplcQin4ELNzPHv/OtP///////////////9rPsKlt8ITWgCk1AAABgUlEQVR4AX2VBZLDMAwAw1LK4AsYAoft/z94obHk0BaGdkQmb44fhFEUBr63SxgngD0A6eG4ZZ3OCTAQ08t1zYtIs6ThMlwMqxxmQW932ODxdLwUNrkz88TioRhAsHxQ9gwsIi9KKcsiF6xO2y/zlDZVh9GKmeGUOCGv0NWELshMx+RnsNTW68ya6rz03pUFLCtGyUL2YgiWXHNR5xTy6LSMjeSibNBpPCFRuaJCnvsGexEtT+/IxO0aIeDTBtEa8kwrgM/8AgTO50hEjghCWZPWcBIjcMzGyC5999d0npP6CA6Iqi3LViGCQ2DHQyrbjnw8XjKLOIqziKm7azunborPjkLVKNDduyFpTSulNANS6laBoE1B20yoqmuY0cnFVEHKNi62slogy3wwL3QU+OoxTIV0FPqZY6MXEu21kI4rFmZdNJ8CDuwCEDvix5VfKdvi3b18vrbEb+51nH7Wxd/lXfr3Wmqvv9Wr+f2aaW83HOP487LW79HbxQ/+OpbPxz+OulJiB8BuewAAAABJRU5ErkJggg==",Hodos RS Odontologia,¬∑ Dentista,"3,7",(25),"R. Santos Dumont, 871 ¬∑ (51) 3276-8481",Aberto ‚ãÖ Fecha √†s 18:00,http://www.redehodos.com.br/rs,Site,"https://www.google.com/search?rlz=1C1GCEA_enBR1017BR1017&sxsrf=APwXEdezo9svTB193Qfnc06v2DJbtGC9Nw:1682425953768&q=clinicas+de+odontologia+em+porto+alegre&npsic=0&rflfq=1&rldoc=1&rllag=-30019392,-51204194,2447&tbm=lcl&sa=X&ved=2ahUKEwjy-NaKhcX-AhWWrpUCHV7PBd8QtgN6BAhoEAE&biw=1366&bih=625&dpr=1#",Rotas,"""Lembrando que √© uma  de treinamento, formando¬†...""",
,,,,,,,,,,,,
,,,,,,,,,,,,
"data:image/png;base64,iVBORw0KGgoAAAANSUhEUgAAADAAAAAwCAMAAABg3Am1AAAAQlBMVEVHcEwac+gac+gac+hlnJYac+g1jbOByZWByZVtvYM7oFgejj4nk0aByZUejj6ByZXzqB3qhgDqhgD0qBr8yTT8yTT2svvNAAAAFnRSTlMAhOv/Eb88r/////+4cG6/QJ////+nISczlwAAALRJREFUeAHV0kUWxDAMA1AHy9ze/6pT5vopw/1rKwrRjwiplBSaQNqonrTo+mpkwAI1wyqsmom/CLQkcAbgloCE0YSywhgj6I6s528EYdSKLy838beCaJTi81xC+zthtNBgwSz9eCB+f0OLD7S4W6Iz9rrCEpQIQna+pZNsK+6kmu4gL8pWVdWMJqdZUY7aBBfZzuOJvCzRRL4tQCvKjZrlHNAfb3A+tPO1uj7cs18D/nzf8QCycjvSZdC/XAAAAABJRU5ErkJggg==",Clinica Odontol√≥gica Biehl,¬∑ Cl√≠nica odontol√≥gica,"4,9",(43),"Avenida Cristov√£o Colombo, 2430 ¬∑ (51) 3024-4810",Aberto ‚ãÖ Fecha √†s 18:00,https://www.googleadservices.com/pagead/aclk?sa=L&ai=DChcSEwj5v-CbhcX-AhXQFdQBHcdwCHUYABAHGgJvYQ&ohost=www.google.com&cid=CAESa-D2fVu9klJPyZtOjZPQ0gSanFFV4VTErQQHD1FY1BAWGl14IoWQzn7tfdoJYDuvM-qpVLV7tWEQFF0Gz2h0gQwdRfXe1bd2stzp2Q5gF4wMonIe0ZfPMDHNCaOz1JphC0n8cGjZ1sgEM4FO&sig=AOD64_3uAqCrE3iSciMfTbTaWlB3nmGBbg&q=&ctype=99&ved=2ahUKEwjHvtObhcX-AhX2r5UCHWfOB6E4FBCErAF6BAgBEA0&adurl=,Site,"https://www.google.com/search?rlz=1C1GCEA_enBR1017BR1017&sxsrf=APwXEdezo9svTB193Qfnc06v2DJbtGC9Nw:1682425953768&q=clinicas+de+odontologia+em+porto+alegre&npsic=0&rflfq=1&rldoc=1&rllag=-30019392,-51204194,2447&tbm=lcl&sa=X&ved=2ahUKEwjy-NaKhcX-AhWWrpUCHV7PBd8QtgN6BAhoEAE&biw=1366&bih=625&dpr=1#",Rotas,,
,Cl√≠nica Couto de Odontologia,¬∑ Cl√≠nica odontol√≥gica,"5,0",(3),"R. Dr. Flores, 330 ¬∑ (51) 3226-3747",Aberto ‚ãÖ Fecha √†s 18:00,,,"https://www.google.com/search?rlz=1C1GCEA_enBR1017BR1017&sxsrf=APwXEdezo9svTB193Qfnc06v2DJbtGC9Nw:1682425953768&q=clinicas+de+odontologia+em+porto+alegre&npsic=0&rflfq=1&rldoc=1&rllag=-30019392,-51204194,2447&tbm=lcl&sa=X&ved=2ahUKEwjy-NaKhcX-AhWWrpUCHV7PBd8QtgN6BAhoEAE&biw=1366&bih=625&dpr=1#",Rotas,,
https://ssl.gstatic.com/local/servicebusiness/default_user.png,DENTISTA PORTO ALEGRE - CL√çNICA DENTAL CENTER,¬∑ Cirurgi√£o dentista,"4,9",(231),"R. Gen. Vitorino, 305 - 7 andar ¬∑ (51) 3225-1122",Aberto ‚ãÖ Fecha √†s 19:00,http://www.clinicadentalcenter.com.br/,Site,"https://www.google.com/search?rlz=1C1GCEA_enBR1017BR1017&sxsrf=APwXEdezo9svTB193Qfnc06v2DJbtGC9Nw:1682425953768&q=clinicas+de+odontologia+em+porto+alegre&npsic=0&rflfq=1&rldoc=1&rllag=-30019392,-51204194,2447&tbm=lcl&sa=X&ved=2ahUKEwjy-NaKhcX-AhWWrpUCHV7PBd8QtgN6BAhoEAE&biw=1366&bih=625&dpr=1#",Rotas,"""Cl√≠nica perfeita para atendimentos odontol√≥gicos de alta qualidade.""",https://www.instagram.com/clinica.dentalcenter/
,Odontom√£e,Nenhum coment√°rio ¬∑ Cl√≠nica odontol√≥gica,,,"Av. Soledade, 569 - 1107 ¬∑ (51) 3378-9911",,http://odontomae.com.br/,Site,"https://www.google.com/search?rlz=1C1GCEA_enBR1017BR1017&sxsrf=APwXEdezo9svTB193Qfnc06v2DJbtGC9Nw:1682425953768&q=clinicas+de+odontologia+em+porto+alegre&npsic=0&rflfq=1&rldoc=1&rllag=-30019392,-51204194,2447&tbm=lcl&sa=X&ved=2ahUKEwjy-NaKhcX-AhWWrpUCHV7PBd8QtgN6BAhoEAE&biw=1366&bih=625&dpr=1#",Rotas,,
https://ssl.gstatic.com/local/servicebusiness/default_user.png,Rede Odonto Porto Alegre 2 (Alfa),¬∑ Cl√≠nica odontol√≥gica,"4,8",(260),"Tv. Eng. Acilino de Carvalho, 10 - 4¬∫ andar ¬∑ (51) 2312-4391",Aberto ‚ãÖ Fecha √†s 12:00,https://www.redeodonto.com.br/associadas/unidade/rs/porto-alegre/porto-alegre-2,Site,"https://www.google.com/search?rlz=1C1GCEA_enBR1017BR1017&sxsrf=APwXEdezo9svTB193Qfnc06v2DJbtGC9Nw:1682425953768&q=clinicas+de+odontologia+em+porto+alegre&npsic=0&rflfq=1&rldoc=1&rllag=-30019392,-51204194,2447&tbm=lcl&sa=X&ved=2ahUKEwjy-NaKhcX-AhWWrpUCHV7PBd8QtgN6BAhoEAE&biw=1366&bih=625&dpr=1#",Rotas,"""Adorei a cl√≠nica , recomendo muito""",https://www.instagram.com/redeodonto/
,Cicle Odontologia,¬∑ Cl√≠nica odontol√≥gica,"5,0",(11),"Rua Jaime Telles, 201 ¬∑ (51) 3335-2963",Aberto ‚ãÖ Fecha √†s 18:00,https://cicleodontologia.com.br/,Site,"https://www.google.com/search?rlz=1C1GCEA_enBR1017BR1017&sxsrf=APwXEdezo9svTB193Qfnc06v2DJbtGC9Nw:1682425953768&q=clinicas+de+odontologia+em+porto+alegre&npsic=0&rflfq=1&rldoc=1&rllag=-30019392,-51204194,2447&tbm=lcl&sa=X&ved=2ahUKEwjy-NaKhcX-AhWWrpUCHV7PBd8QtgN6BAhoEAE&biw=1366&bih=625&dpr=1#",Rotas,,
https://ssl.gstatic.com/local/servicebusiness/default_user.png,Cl√≠nica Sommet Odontologia,¬∑ Cl√≠nica odontol√≥gica,"4,8",(4),"Av. Cel. Lucas de Oliveira, 1955 ¬∑ (51) 3022-6500",Aberto ‚ãÖ Fecha √†s 12:00,http://www.sommetodontologia.com.br/,Site,"https://www.google.com/search?rlz=1C1GCEA_enBR1017BR1017&sxsrf=APwXEdezo9svTB193Qfnc06v2DJbtGC9Nw:1682425953768&q=clinicas+de+odontologia+em+porto+alegre&npsic=0&rflfq=1&rldoc=1&rllag=-30019392,-51204194,2447&tbm=lcl&sa=X&ved=2ahUKEwjy-NaKhcX-AhWWrpUCHV7PBd8QtgN6BAhoEAE&biw=1366&bih=625&dpr=1#",Rotas,"""√ìtima clinica de Odontologia""",https://www.instagram.com/sommetodontologia/
https://ssl.gstatic.com/local/servicebusiness/default_user.png,Dentista Sorridere Cl√≠nica Odontol√≥gica,¬∑ Dentista,"5,0",(146),"R. Luciana de Abreu, 267/305 ¬∑ (51) 3346-3277",Aberto ‚ãÖ Fecha √†s 18:00,http://www.sorridere.net/,Site,"https://www.google.com/search?rlz=1C1GCEA_enBR1017BR1017&sxsrf=APwXEdezo9svTB193Qfnc06v2DJbtGC9Nw:1682425953768&q=clinicas+de+odontologia+em+porto+alegre&npsic=0&rflfq=1&rldoc=1&rllag=-30019392,-51204194,2447&tbm=lcl&sa=X&ved=2ahUKEwjy-NaKhcX-AhWWrpUCHV7PBd8QtgN6BAhoEAE&biw=1366&bih=625&dpr=1#",Rotas,"""Cl√≠nica √≥tima, limpa e moderna.""",
,Cl√≠nica de Odontologia Wagner,¬∑ Dentista,"5,0",(4),"Pra√ßa Dom Feliciano, 26 ¬∑ (51) 3212-1425",Aberto ‚ãÖ Fecha √†s 18:00,https://wagnerclinica.com.br/,Site,"https://www.google.com/search?rlz=1C1GCEA_enBR1017BR1017&sxsrf=APwXEdezo9svTB193Qfnc06v2DJbtGC9Nw:1682425953768&q=clinicas+de+odontologia+em+porto+alegre&npsic=0&rflfq=1&rldoc=1&rllag=-30019392,-51204194,2447&tbm=lcl&sa=X&ved=2ahUKEwjy-NaKhcX-AhWWrpUCHV7PBd8QtgN6BAhoEAE&biw=1366&bih=625&dpr=1#",Rotas,,https://www.instagram.com/wagnerclinica/
,Orali Cl√≠nica Odontol√≥gica,¬∑ Cl√≠nica odontol√≥gica,"5,0",(14),"Av. Benjamin Constant, 904 - 801 ¬∑ (51) 99150-1551",Aberto ‚ãÖ Fecha √†s 12:00,https://orali.com.br/wordpress/,Site,"https://www.google.com/search?rlz=1C1GCEA_enBR1017BR1017&sxsrf=APwXEdezo9svTB193Qfnc06v2DJbtGC9Nw:1682425953768&q=clinicas+de+odontologia+em+porto+alegre&npsic=0&rflfq=1&rldoc=1&rllag=-30019392,-51204194,2447&tbm=lcl&sa=X&ved=2ahUKEwjy-NaKhcX-AhWWrpUCHV7PBd8QtgN6BAhoEAE&biw=1366&bih=625&dpr=1#",Rotas,,https://www.instagram.com/oraliodontologiaestetica/
https://ssl.gstatic.com/local/servicebusiness/default_user.png,Novello Cl√≠nica Odontol√≥gica,¬∑ Cl√≠nica odontol√≥gica,"3,7",(42),"Rua Desembargador Espiridi√£o de Lima Medeiros, 45 ¬∑ (51) 3084-4743",Aberto ‚ãÖ Fecha √†s 18:00,https://novelloodontologia.com.br/,Site,"https://www.google.com/search?rlz=1C1GCEA_enBR1017BR1017&sxsrf=APwXEdezo9svTB193Qfnc06v2DJbtGC9Nw:1682425953768&q=clinicas+de+odontologia+em+porto+alegre&npsic=0&rflfq=1&rldoc=1&rllag=-30019392,-51204194,2447&tbm=lcl&sa=X&ved=2ahUKEwjy-NaKhcX-AhWWrpUCHV7PBd8QtgN6BAhoEAE&biw=1366&bih=625&dpr=1#",Rotas,"""Cl√≠nica muito aconchegante e atendimento excelente com a Dra.""",https://www.instagram.com/drajuliananovello
https://ssl.gstatic.com/local/servicebusiness/default_user.png,Unit√© Odontologia,¬∑ Cl√≠nica odontol√≥gica,"4,9",(71),"Av. Crist√≥v√£o Colombo, 1789 - Sala 403 A ¬∑ (51) 3222-4039",Aberto ‚ãÖ Fecha √†s 17:30,https://www.uniteodontologia.com.br/,Site,"https://www.google.com/search?rlz=1C1GCEA_enBR1017BR1017&sxsrf=APwXEdezo9svTB193Qfnc06v2DJbtGC9Nw:1682425953768&q=clinicas+de+odontologia+em+porto+alegre&npsic=0&rflfq=1&rldoc=1&rllag=-30019392,-51204194,2447&tbm=lcl&sa=X&ved=2ahUKEwjy-NaKhcX-AhWWrpUCHV7PBd8QtgN6BAhoEAE&biw=1366&bih=625&dpr=1#",Rotas,"""Cl√≠nica excelente, nota 10 para toda a equipe envolvida.""",https://www.instagram.com/unite.odontologia/?hl=pt-br
https://ssl.gstatic.com/local/servicebusiness/default_user.png,Cl√≠nicas do Bairro,¬∑ Cl√≠nica odontol√≥gica,"4,6",(11),"R. Guilherme Alves, 1245 ¬∑ (51) 99792-6757",Aberto ‚ãÖ Fecha √†s 19:00,https://clinicasdobairro.negocio.site/?utm_source=gmb&utm_medium=referral,Site,"https://www.google.com/search?rlz=1C1GCEA_enBR1017BR1017&sxsrf=APwXEdezo9svTB193Qfnc06v2DJbtGC9Nw:1682425953768&q=clinicas+de+odontologia+em+porto+alegre&npsic=0&rflfq=1&rldoc=1&rllag=-30019392,-51204194,2447&tbm=lcl&sa=X&ved=2ahUKEwjy-NaKhcX-AhWWrpUCHV7PBd8QtgN6BAhoEAE&biw=1366&bih=625&dpr=1#",Rotas,"""Melhor cl√≠nica que existe em Porto Alegre!!""",
,Uniodonto Porto Alegre,¬∑ Cl√≠nica odontol√≥gica,"3,5",(94),"Av. Independ√™ncia, 914 - sala 01 ¬∑ (51) 3302-4000",Aberto 24 horas,http://www.uniodontopoa.com.br/,Site,"https://www.google.com/search?rlz=1C1GCEA_enBR1017BR1017&sxsrf=APwXEdezo9svTB193Qfnc06v2DJbtGC9Nw:1682425953768&q=clinicas+de+odontologia+em+porto+alegre&npsic=0&rflfq=1&rldoc=1&rllag=-30019392,-51204194,2447&tbm=lcl&sa=X&ved=2ahUKEwjy-NaKhcX-AhWWrpUCHV7PBd8QtgN6BAhoEAE&biw=1366&bih=625&dpr=1#",Rotas,,https://www.instagram.com/uniodontopoa/
https://ssl.gstatic.com/local/servicebusiness/default_user.png,"Classic Sa√∫de Bucal - Dentista Porto Alegre, Moinhos de Vento",¬∑ Cl√≠nica odontol√≥gica,"5,0",(93),"R. Miguel Tostes, 201 - Sala 405 ¬∑ (51) 3398-7986",Aberto ‚ãÖ Fecha √†s 18:30,https://www.classicsaude.com.br/,Site,"https://www.google.com/search?rlz=1C1GCEA_enBR1017BR1017&sxsrf=APwXEdezo9svTB193Qfnc06v2DJbtGC9Nw:1682425953768&q=clinicas+de+odontologia+em+porto+alegre&npsic=0&rflfq=1&rldoc=1&rllag=-30019392,-51204194,2447&tbm=lcl&sa=X&ved=2ahUKEwjy-NaKhcX-AhWWrpUCHV7PBd8QtgN6BAhoEAE&biw=1366&bih=625&dpr=1#",Rotas,"""A cl√≠nica tamb√©m conta com modernos equipamentos de √∫ltima gera√ß√£o.""",https://www.instagram.com/classicsaude/
,Clinica de odontologia,Nenhum coment√°rio ¬∑ Cl√≠nica odontol√≥gica,,,"Av. Prot√°sio Alves, 4606 ¬∑ (51) 3233-7076",Aberto ‚ãÖ Fecha √†s 19:00,http://www.sandraclin.com.br/,Site,"https://www.google.com/search?rlz=1C1GCEA_enBR1017BR1017&sxsrf=APwXEdezo9svTB193Qfnc06v2DJbtGC9Nw:1682425953768&q=clinicas+de+odontologia+em+porto+alegre&npsic=0&rflfq=1&rldoc=1&rllag=-30019392,-51204194,2447&tbm=lcl&sa=X&ved=2ahUKEwjy-NaKhcX-AhWWrpUCHV7PBd8QtgN6BAhoEAE&biw=1366&bih=625&dpr=1#",Rotas,,https://www.instagram.com/drasandracorrearodrigues/
,Cl√≠nica de Odontologia Kalil Sa,Nenhum coment√°rio ¬∑ Cl√≠nica odontol√≥gica,,,"Pra√ßa Dr. Maur√≠cio Cardoso, 170 ¬∑ (51) 3224-5607",Aberto agora,,,"https://www.google.com/search?rlz=1C1GCEA_enBR1017BR1017&sxsrf=APwXEdezo9svTB193Qfnc06v2DJbtGC9Nw:1682425953768&q=clinicas+de+odontologia+em+porto+alegre&npsic=0&rflfq=1&rldoc=1&rllag=-30019392,-51204194,2447&tbm=lcl&sa=X&ved=2ahUKEwjy-NaKhcX-AhWWrpUCHV7PBd8QtgN6BAhoEAE&biw=1366&bih=625&dpr=1#",Rotas,,
,Dal√≠ Odontologia,¬∑ Cl√≠nica odontol√≥gica,"5,0",(42),"Av. Crist√≥v√£o Colombo, 2948 - 405 ¬∑ (51) 3737-3803",Aberto ‚ãÖ Fecha √†s 12:00,https://daliodontologia.com.br/,Site,"https://www.google.com/search?rlz=1C1GCEA_enBR1017BR1017&sxsrf=APwXEdezo9svTB193Qfnc06v2DJbtGC9Nw:1682425953768&q=clinicas+de+odontologia+em+porto+alegre&npsic=0&rflfq=1&rldoc=1&rllag=-30019392,-51204194,2447&tbm=lcl&sa=X&ved=2ahUKEwjy-NaKhcX-AhWWrpUCHV7PBd8QtgN6BAhoEAE&biw=1366&bih=625&dpr=1#",Rotas,,
https://ssl.gstatic.com/local/servicebusiness/default_user.png,Cl√≠nica Lyrios Odontologia e Est√©tica,¬∑ Cl√≠nica odontol√≥gica,"4,1",(13),"R. Mal. Floriano Peixoto, 91 - Sala 100 ¬∑ (51) 3072-0809",Aberto ‚ãÖ Fecha √†s 18:00,https://clinicalyrios.com.br/,Site,"https://www.google.com/search?rlz=1C1GCEA_enBR1017BR1017&sxsrf=APwXEdezo9svTB193Qfnc06v2DJbtGC9Nw:1682425953768&q=clinicas+de+odontologia+em+porto+alegre&npsic=0&rflfq=1&rldoc=1&rllag=-30019392,-51204194,2447&tbm=lcl&sa=X&ved=2ahUKEwjy-NaKhcX-AhWWrpUCHV7PBd8QtgN6BAhoEAE&biw=1366&bih=625&dpr=1#",Rotas,"""Clinica mais equipada do Centro de Porto Alegre.""",https://www.instagram.com/clinicalyrios/
https://ssl.gstatic.com/local/servicebusiness/default_user.png,Eco Odonto Cl√≠nica Odontol√≥gica (Consult√≥rio FK),¬∑ Cl√≠nica odontol√≥gica,"5,0",(6),"R. Ant√¥nio Carlos Berta, 475 - Sala 507 ¬∑ (51) 99833-8876",Aberto ‚ãÖ Fecha √†s 18:00,https://instagram.com/fksaudeintegrativa?igshid=YmMyMTA2M2Y=,Site,"https://www.google.com/search?rlz=1C1GCEA_enBR1017BR1017&sxsrf=APwXEdezo9svTB193Qfnc06v2DJbtGC9Nw:1682425953768&q=clinicas+de+odontologia+em+porto+alegre&npsic=0&rflfq=1&rldoc=1&rllag=-30019392,-51204194,2447&tbm=lcl&sa=X&ved=2ahUKEwjy-NaKhcX-AhWWrpUCHV7PBd8QtgN6BAhoEAE&biw=1366&bih=625&dpr=1#",Rotas,"""Melhor cl√≠nicas de todas!""",https://instagram.com/fksaudeintegrativa?igshid=YmMyMTA2M2Y=
https://ssl.gstatic.com/local/servicebusiness/default_user.png,Cl√≠nica Odontol√≥gica Dr El√≠sio Marques da Silva,¬∑ Dentista,"4,6",(12),"Av. Goethe, 147 ¬∑ (51) 3204-3204",Aberto ‚ãÖ Fecha √†s 18:00,http://www.clinicaelisio.com/,Site,"https://www.google.com/search?rlz=1C1GCEA_enBR1017BR1017&sxsrf=APwXEdezo9svTB193Qfnc06v2DJbtGC9Nw:1682425953768&q=clinicas+de+odontologia+em+porto+alegre&npsic=0&rflfq=1&rldoc=1&rllag=-30019392,-51204194,2447&tbm=lcl&sa=X&ved=2ahUKEwjy-NaKhcX-AhWWrpUCHV7PBd8QtgN6BAhoEAE&biw=1366&bih=625&dpr=1#",Rotas,"""√ìtima cl√≠nica, profissionais competentes e super comprometidos.""",https://www.instagram.com/clinica_elisio/
"data:image/png;base64,iVBORw0KGgoAAAANSUhEUgAAADAAAAAwCAMAAABg3Am1AAAAQlBMVEVHcEwac+gac+gac+hlnJYac+g1jbOByZWByZVtvYM7oFgejj4nk0aByZUejj6ByZXzqB3qhgDqhgD0qBr8yTT8yTT2svvNAAAAFnRSTlMAhOv/Eb88r/////+4cG6/QJ////+nISczlwAAALRJREFUeAHV0kUWxDAMA1AHy9ze/6pT5vopw/1rKwrRjwiplBSaQNqonrTo+mpkwAI1wyqsmom/CLQkcAbgloCE0YSywhgj6I6s528EYdSKLy838beCaJTi81xC+zthtNBgwSz9eCB+f0OLD7S4W6Iz9rrCEpQIQna+pZNsK+6kmu4gL8pWVdWMJqdZUY7aBBfZzuOJvCzRRL4tQCvKjZrlHNAfb3A+tPO1uj7cs18D/nzf8QCycjvSZdC/XAAAAABJRU5ErkJggg==",Clinica Odontol√≥gica Biehl,¬∑ Cl√≠nica odontol√≥gica,"4,9",(43),"Avenida Cristov√£o Colombo, 2430 ¬∑ (51) 3024-4810",Aberto ‚ãÖ Fecha √†s 18:00,https://www.googleadservices.com/pagead/aclk?sa=L&ai=DChcSEwiD5q6ghcX-AhV2FdQBHQGwBPUYABAHGgJvYQ&ohost=www.google.com&cid=CAESa-D2vE-iJgRrG72LiIzhNXFZiFhkcEzl4tLaqBWv2aQMSYKhZxlSwj_oVGyluxRMsEAR5Pc17nm8gRPqiPIWELCeKCtG2PcnBSI3RIgtv4jcfJFhfP6i2mZubMUlqoCzmHJwyA6Ugvp5CeJ8&sig=AOD64_00e1M4cDi1lneLIkxsJ1-E0v_PKg&q=&ctype=99&ved=2ahUKEwjz46GghcX-AhXDppUCHdzgADM4KBCErAF6BAgBEA0&adurl=,Site,"https://www.google.com/search?rlz=1C1GCEA_enBR1017BR1017&sxsrf=APwXEdezo9svTB193Qfnc06v2DJbtGC9Nw:1682425953768&q=clinicas+de+odontologia+em+porto+alegre&npsic=0&rflfq=1&rldoc=1&rllag=-30019392,-51204194,2447&tbm=lcl&sa=X&ved=2ahUKEwjy-NaKhcX-AhWWrpUCHV7PBd8QtgN6BAhoEAE&biw=1366&bih=625&dpr=1#",Rotas,,
https://ssl.gstatic.com/local/servicebusiness/default_user.png,Blanc Especialidades Odontol√≥gicas,¬∑ Cl√≠nica odontol√≥gica,"4,4",(94),"R. dos Andradas, 1248 ¬∑ (51) 3061-1588",Aberto ‚ãÖ Fecha √†s 17:30,https://www.blancespecialidades.com.br/,Site,"https://www.google.com/search?rlz=1C1GCEA_enBR1017BR1017&sxsrf=APwXEdezo9svTB193Qfnc06v2DJbtGC9Nw:1682425953768&q=clinicas+de+odontologia+em+porto+alegre&npsic=0&rflfq=1&rldoc=1&rllag=-30019392,-51204194,2447&tbm=lcl&sa=X&ved=2ahUKEwjy-NaKhcX-AhWWrpUCHV7PBd8QtgN6BAhoEAE&biw=1366&bih=625&dpr=1#",Rotas,"""Clinica muito boa, √≥timos funcion√°rios""",https://www.instagram.com/blancespecialidades/
,Cl√≠nica de Odontologia - Norberto Alves,¬∑ Cl√≠nica odontol√≥gica,"4,5",(8),"Ed. Langer - R. dos Andradas, 1464 - Sala 140 ¬∑ (51) 3224-7729",Aberto ‚ãÖ Fecha √†s 17:30,,,"https://www.google.com/search?rlz=1C1GCEA_enBR1017BR1017&sxsrf=APwXEdezo9svTB193Qfnc06v2DJbtGC9Nw:1682425953768&q=clinicas+de+odontologia+em+porto+alegre&npsic=0&rflfq=1&rldoc=1&rllag=-30019392,-51204194,2447&tbm=lcl&sa=X&ved=2ahUKEwjy-NaKhcX-AhWWrpUCHV7PBd8QtgN6BAhoEAE&biw=1366&bih=625&dpr=1#",Rotas,,
,Dentocl√≠nica (Dentocl√≠nica Sua Odontologia Empresarial),¬∑ Cl√≠nica odontol√≥gica,"5,0",(3),"R. Jer√¥nimo Coelho, 212/402 ¬∑ (51) 3227-0848",Aberto ‚ãÖ Fecha √†s 18:00,,,"https://www.google.com/search?rlz=1C1GCEA_enBR1017BR1017&sxsrf=APwXEdezo9svTB193Qfnc06v2DJbtGC9Nw:1682425953768&q=clinicas+de+odontologia+em+porto+alegre&npsic=0&rflfq=1&rldoc=1&rllag=-30019392,-51204194,2447&tbm=lcl&sa=X&ved=2ahUKEwjy-NaKhcX-AhWWrpUCHV7PBd8QtgN6BAhoEAE&biw=1366&bih=625&dpr=1#",Rotas,,
https://ssl.gstatic.com/local/servicebusiness/default_user.png,Cl√≠nica Odontol√≥gica Bom Tom,¬∑ Cl√≠nica odontol√≥gica,"5,0",(12),"R. Ramiro Barcelos, 1793 - Sala 502 ¬∑ (51) 98180-9476",Aberto ‚ãÖ Fecha √†s 19:00,http://www.clinicabomtom.com.br/,Site,"https://www.google.com/search?rlz=1C1GCEA_enBR1017BR1017&sxsrf=APwXEdezo9svTB193Qfnc06v2DJbtGC9Nw:1682425953768&q=clinicas+de+odontologia+em+porto+alegre&npsic=0&rflfq=1&rldoc=1&rllag=-30019392,-51204194,2447&tbm=lcl&sa=X&ved=2ahUKEwjy-NaKhcX-AhWWrpUCHV7PBd8QtgN6BAhoEAE&biw=1366&bih=625&dpr=1#",Rotas,"""Procurei a cl√≠nica para aplica√ß√£o de botox e clareamento.""",https://www.instagram.com/clinicabomtom/
,CORE Cl√≠nica de Odontologia,Nenhum coment√°rio ¬∑ Cl√≠nica odontol√≥gica,,,"R. Marcelo Gama, 1249 - 2¬∞ andar ¬∑ (51) 3013-3020",,http://www.dentalcore.com.br/,Site,"https://www.google.com/search?rlz=1C1GCEA_enBR1017BR1017&sxsrf=APwXEdezo9svTB193Qfnc06v2DJbtGC9Nw:1682425953768&q=clinicas+de+odontologia+em+porto+alegre&npsic=0&rflfq=1&rldoc=1&rllag=-30019392,-51204194,2447&tbm=lcl&sa=X&ved=2ahUKEwjy-NaKhcX-AhWWrpUCHV7PBd8QtgN6BAhoEAE&biw=1366&bih=625&dpr=1#",Rotas,,
https://ssl.gstatic.com/local/servicebusiness/default_user.png,Kert√©sz Odontologia,¬∑ Cl√≠nica odontol√≥gica,"4,5",(54),"R. Domingos Jos√© de Almeida, 30 ¬∑ (51) 3333-5555",Aberto ‚ãÖ Fecha √†s 12:00,http://www.odontokertesz.com.br/,Site,"https://www.google.com/search?rlz=1C1GCEA_enBR1017BR1017&sxsrf=APwXEdezo9svTB193Qfnc06v2DJbtGC9Nw:1682425953768&q=clinicas+de+odontologia+em+porto+alegre&npsic=0&rflfq=1&rldoc=1&rllag=-30019392,-51204194,2447&tbm=lcl&sa=X&ved=2ahUKEwjy-NaKhcX-AhWWrpUCHV7PBd8QtgN6BAhoEAE&biw=1366&bih=625&dpr=1#",Rotas,"""Recomendo essa cl√≠nica,üëè""",
https://ssl.gstatic.com/local/servicebusiness/default_user.png,Vitah Odontologia Especializada Ltda,¬∑ Dentista,"5,0",(52),"Av. Independ√™ncia, 925 - sala 811 ¬∑ (51) 3328-4007",Aberto ‚ãÖ Fecha √†s 18:00,http://vitahodontologia.com/,Site,"https://www.google.com/search?rlz=1C1GCEA_enBR1017BR1017&sxsrf=APwXEdezo9svTB193Qfnc06v2DJbtGC9Nw:1682425953768&q=clinicas+de+odontologia+em+porto+alegre&npsic=0&rflfq=1&rldoc=1&rllag=-30019392,-51204194,2447&tbm=lcl&sa=X&ved=2ahUKEwjy-NaKhcX-AhWWrpUCHV7PBd8QtgN6BAhoEAE&biw=1366&bih=625&dpr=1#",Rotas,"""Uma das melhores  que j√° visitei na vida!""",https://www.instagram.com/vitahodontoespecializada/?igshid=1ibfrevgxnqgn
https://ssl.gstatic.com/local/servicebusiness/default_user.png,WK‚Ä¢R ODONTOLOGIA | Dentista Porto Alegre | Lente de Contato Dental / Implante Dent√°rio / Invisalign / Zona Norte Porto Alegre,¬∑ Dentista,"5,0",(54),"Av. Assis Brasil, 3316 - CONJUNTO 405 E 406 ¬∑ (51) 98664-8451",Aberto ‚ãÖ Fecha √†s 12:00,http://www.wkrodontologia.com.br/,Site,"https://www.google.com/search?rlz=1C1GCEA_enBR1017BR1017&sxsrf=APwXEdezo9svTB193Qfnc06v2DJbtGC9Nw:1682425953768&q=clinicas+de+odontologia+em+porto+alegre&npsic=0&rflfq=1&rldoc=1&rllag=-30019392,-51204194,2447&tbm=lcl&sa=X&ved=2ahUKEwjy-NaKhcX-AhWWrpUCHV7PBd8QtgN6BAhoEAE&biw=1366&bih=625&dpr=1#",Rotas,""" com mais de 40 anos.""",https://www.instagram.com/wkrodonto
https://ssl.gstatic.com/local/servicebusiness/default_user.png,Cl√≠nica Stocker - Odontologia Est√©tica,¬∑ Cl√≠nica odontol√≥gica,"5,0",(47),"Av. Iguassu, 525 ¬∑ (51) 3334-7000",Aberto ‚ãÖ Fecha √†s 19:00,https://www.clinicastocker.com.br/,Site,"https://www.google.com/search?rlz=1C1GCEA_enBR1017BR1017&sxsrf=APwXEdezo9svTB193Qfnc06v2DJbtGC9Nw:1682425953768&q=clinicas+de+odontologia+em+porto+alegre&npsic=0&rflfq=1&rldoc=1&rllag=-30019392,-51204194,2447&tbm=lcl&sa=X&ved=2ahUKEwjy-NaKhcX-AhWWrpUCHV7PBd8QtgN6BAhoEAE&biw=1366&bih=625&dpr=1#",Rotas,"""Cl√≠nica aconchegante, atendimento impec√°vel!""",
,OrthoDontic - Cl√≠nica Odontol√≥gica Centro Porto Alegre - Tratamento de Canal - Periodontia - Restaura√ß√£o Dental - Pr√≥tese - Clareamento e Limpeza Dental - Aparelho Ortod√¥ntico Met√°lico e Est√©tico - Emerg√™ncia - Extra√ß√£o do Siso - Faceta de Porcelana,¬∑ Cl√≠nica odontol√≥gica,"4,2",(26),"R. Gen. Vitorino, 77 - Sala 703 ¬∑ (51) 3013-0000",Aberto ‚ãÖ Fecha √†s 19:00,https://www.orthodonticbrasil.com.br/clinicas/porto-alegre-111/,Site,"https://www.google.com/search?rlz=1C1GCEA_enBR1017BR1017&sxsrf=APwXEdezo9svTB193Qfnc06v2DJbtGC9Nw:1682425953768&q=clinicas+de+odontologia+em+porto+alegre&npsic=0&rflfq=1&rldoc=1&rllag=-30019392,-51204194,2447&tbm=lcl&sa=X&ved=2ahUKEwjy-NaKhcX-AhWWrpUCHV7PBd8QtgN6BAhoEAE&biw=1366&bih=625&dpr=1#",Rotas,,https://www.instagram.com/orthodontic.br/
https://ssl.gstatic.com/local/servicebusiness/default_user.png,Zaffari Odontologia,¬∑ Cl√≠nica odontol√≥gica,"4,8",(49),"R. Faria Santos, 47 ¬∑ (51) 3330-3388",Aberto ‚ãÖ Fecha √†s 18:00,http://www.zaffariodontologia.com.br/equipe,Site,"https://www.google.com/search?rlz=1C1GCEA_enBR1017BR1017&sxsrf=APwXEdezo9svTB193Qfnc06v2DJbtGC9Nw:1682425953768&q=clinicas+de+odontologia+em+porto+alegre&npsic=0&rflfq=1&rldoc=1&rllag=-30019392,-51204194,2447&tbm=lcl&sa=X&ved=2ahUKEwjy-NaKhcX-AhWWrpUCHV7PBd8QtgN6BAhoEAE&biw=1366&bih=625&dpr=1#",Rotas,"""Clinica bem localizada e atendimento exemplar.""",
,Oralle Odontologia Especializada,¬∑ Cl√≠nica odontol√≥gica,"5,0",(1),"Galeria Di Primio Beck - R. dos Andradas, 1137 - Sala 309 ¬∑ (51) 3085-0023",Aberto ‚ãÖ Fecha √†s 19:00,http://www.oralle.com.br/,Site,"https://www.google.com/search?rlz=1C1GCEA_enBR1017BR1017&sxsrf=APwXEdezo9svTB193Qfnc06v2DJbtGC9Nw:1682425953768&q=clinicas+de+odontologia+em+porto+alegre&npsic=0&rflfq=1&rldoc=1&rllag=-30019392,-51204194,2447&tbm=lcl&sa=X&ved=2ahUKEwjy-NaKhcX-AhWWrpUCHV7PBd8QtgN6BAhoEAE&biw=1366&bih=625&dpr=1#",Rotas,,
,TG Odontologia,¬∑ Cl√≠nica odontol√≥gica,"5,0",(21),"Av. Jo√£o Wallig, 851 - loja 10 ¬∑ (51) 3342-8910",Aberto ‚ãÖ Fecha √†s 18:00,https://www.instagram.com/tg.harmonize/,Site,"https://www.google.com/search?rlz=1C1GCEA_enBR1017BR1017&sxsrf=APwXEdezo9svTB193Qfnc06v2DJbtGC9Nw:1682425953768&q=clinicas+de+odontologia+em+porto+alegre&npsic=0&rflfq=1&rldoc=1&rllag=-30019392,-51204194,2447&tbm=lcl&sa=X&ved=2ahUKEwjy-NaKhcX-AhWWrpUCHV7PBd8QtgN6BAhoEAE&biw=1366&bih=625&dpr=1#",Rotas,,https://www.instagram.com/tg.harmonize/
,Centro Integrado de Odontologia,Nenhum coment√°rio ¬∑ Cl√≠nica odontol√≥gica,,,"Av. Prot√°sio Alves, 584 - Sala 202 ¬∑ (51) 3331-0764",Aberto ‚ãÖ Fecha √†s 18:00,,,"https://www.google.com/search?rlz=1C1GCEA_enBR1017BR1017&sxsrf=APwXEdezo9svTB193Qfnc06v2DJbtGC9Nw:1682425953768&q=clinicas+de+odontologia+em+porto+alegre&npsic=0&rflfq=1&rldoc=1&rllag=-30019392,-51204194,2447&tbm=lcl&sa=X&ved=2ahUKEwjy-NaKhcX-AhWWrpUCHV7PBd8QtgN6BAhoEAE&biw=1366&bih=625&dpr=1#",Rotas,,
https://ssl.gstatic.com/local/servicebusiness/default_user.png,Clinica Koelsch,¬∑ Cl√≠nica odontol√≥gica,"4,2",(105),"Condom Edif√≠cio Bahamas - Rua General Jo√£o Telles, 53 - Sala 402 ¬∑ (51) 99805-4598",Aberto ‚ãÖ Fecha √†s 18:30,http://www.koelschclinicaodontologica.com.br/,Site,"https://www.google.com/search?rlz=1C1GCEA_enBR1017BR1017&sxsrf=APwXEdezo9svTB193Qfnc06v2DJbtGC9Nw:1682425953768&q=clinicas+de+odontologia+em+porto+alegre&npsic=0&rflfq=1&rldoc=1&rllag=-30019392,-51204194,2447&tbm=lcl&sa=X&ved=2ahUKEwjy-NaKhcX-AhWWrpUCHV7PBd8QtgN6BAhoEAE&biw=1366&bih=625&dpr=1#",Rotas,"""Cl√≠nica muito bem gerenciada!""",https://www.instagram.com/koelschintegrada/
https://ssl.gstatic.com/local/servicebusiness/default_user.png,Enfaces Cl√≠nica Odontol√≥gica,¬∑ Cl√≠nica odontol√≥gica,"5,0",(6),"R. Gomes Jardim, 301 - Sala 501 ¬∑ (51) 98140-8887",Aberto ‚ãÖ Fecha √†s 22:00,http://clinicaenfaces.com.br/,Site,"https://www.google.com/search?rlz=1C1GCEA_enBR1017BR1017&sxsrf=APwXEdezo9svTB193Qfnc06v2DJbtGC9Nw:1682425953768&q=clinicas+de+odontologia+em+porto+alegre&npsic=0&rflfq=1&rldoc=1&rllag=-30019392,-51204194,2447&tbm=lcl&sa=X&ved=2ahUKEwjy-NaKhcX-AhWWrpUCHV7PBd8QtgN6BAhoEAE&biw=1366&bih=625&dpr=1#",Rotas,"""Cl√≠nica linda, estrutura excelente e atendimento maravilhoso.""",
,Fortuna Odontologia,¬∑ Cl√≠nica odontol√≥gica,"4,8",(5),"Av. Palmeira, 330 - 1104 ¬∑ (51) 3028-3388",Aberto ‚ãÖ Fecha √†s 19:00,,,"https://www.google.com/search?rlz=1C1GCEA_enBR1017BR1017&sxsrf=APwXEdezo9svTB193Qfnc06v2DJbtGC9Nw:1682425953768&q=clinicas+de+odontologia+em+porto+alegre&npsic=0&rflfq=1&rldoc=1&rllag=-30019392,-51204194,2447&tbm=lcl&sa=X&ved=2ahUKEwjy-NaKhcX-AhWWrpUCHV7PBd8QtgN6BAhoEAE&biw=1366&bih=625&dpr=1#",Rotas,,
,OdontoRio - Cl√≠nica Odontol√≥gica,¬∑ Cl√≠nica odontol√≥gica,"4,7",(30),"Av. Prot√°sio Alves, 2365 - sl 608 ¬∑ (51) 3084-4049",Aberto ‚ãÖ Fecha √†s 12:00,http://www.odontologiario.com.br/,Site,"https://www.google.com/search?rlz=1C1GCEA_enBR1017BR1017&sxsrf=APwXEdezo9svTB193Qfnc06v2DJbtGC9Nw:1682425953768&q=clinicas+de+odontologia+em+porto+alegre&npsic=0&rflfq=1&rldoc=1&rllag=-30019392,-51204194,2447&tbm=lcl&sa=X&ved=2ahUKEwjy-NaKhcX-AhWWrpUCHV7PBd8QtgN6BAhoEAE&biw=1366&bih=625&dpr=1#",Rotas,,
https://ssl.gstatic.com/local/servicebusiness/default_user.png,Dit√° Odontologia,¬∑ Cl√≠nica odontol√≥gica,"5,0",(36),"R. F√©lix da Cunha, 537 ¬∑ (51) 3392-2070",Aberto ‚ãÖ Fecha √†s 18:00,,,"https://www.google.com/search?rlz=1C1GCEA_enBR1017BR1017&sxsrf=APwXEdezo9svTB193Qfnc06v2DJbtGC9Nw:1682425953768&q=clinicas+de+odontologia+em+porto+alegre&npsic=0&rflfq=1&rldoc=1&rllag=-30019392,-51204194,2447&tbm=lcl&sa=X&ved=2ahUKEwjy-NaKhcX-AhWWrpUCHV7PBd8QtgN6BAhoEAE&biw=1366&bih=625&dpr=1#",Rotas,"""Excelente atendimento,  clinica √≥tima, Recomendo muiiiitooo.""",
https://ssl.gstatic.com/local/servicebusiness/default_user.png,Pronto Socorro Dent√°rio - Cl√≠nica Odontol√≥gica 24 Horas,¬∑ Cl√≠nica odontol√≥gica,"4,4",(136),"Av. Ven√¢ncio Aires, 1111 ¬∑ (51) 3225-6499",Aberto 24 horas,http://www.psdentario.com.br/,Site,"https://www.google.com/search?rlz=1C1GCEA_enBR1017BR1017&sxsrf=APwXEdezo9svTB193Qfnc06v2DJbtGC9Nw:1682425953768&q=clinicas+de+odontologia+em+porto+alegre&npsic=0&rflfq=1&rldoc=1&rllag=-30019392,-51204194,2447&tbm=lcl&sa=X&ved=2ahUKEwjy-NaKhcX-AhWWrpUCHV7PBd8QtgN6BAhoEAE&biw=1366&bih=625&dpr=1#",Rotas,"""Cl√≠nica composta por profissionais muito competentes.""",
"data:image/png;base64,iVBORw0KGgoAAAANSUhEUgAAADAAAAAwCAMAAABg3Am1AAAAQlBMVEVHcEwac+gac+gac+hlnJYac+g1jbOByZWByZVtvYM7oFgejj4nk0aByZUejj6ByZXzqB3qhgDqhgD0qBr8yTT8yTT2svvNAAAAFnRSTlMAhOv/Eb88r/////+4cG6/QJ////+nISczlwAAALRJREFUeAHV0kUWxDAMA1AHy9ze/6pT5vopw/1rKwrRjwiplBSaQNqonrTo+mpkwAI1wyqsmom/CLQkcAbgloCE0YSywhgj6I6s528EYdSKLy838beCaJTi81xC+zthtNBgwSz9eCB+f0OLD7S4W6Iz9rrCEpQIQna+pZNsK+6kmu4gL8pWVdWMJqdZUY7aBBfZzuOJvCzRRL4tQCvKjZrlHNAfb3A+tPO1uj7cs18D/nzf8QCycjvSZdC/XAAAAABJRU5ErkJggg==",Clinica Odontol√≥gica Biehl,¬∑ Cl√≠nica odontol√≥gica,"4,9",(43),"Avenida Cristov√£o Colombo, 2430 ¬∑ (51) 3024-4810",Aberto ‚ãÖ Fecha √†s 18:00,https://www.googleadservices.com/pagead/aclk?sa=L&ai=DChcSEwjkuP-khcX-AhWRFdQBHaGFBmkYABAHGgJvYQ&ohost=www.google.com&cid=CAESa-D2uEbDv6fZ2vqbgMMhr53_aWglaBEAKxW933fbw4fci-pc4Bp3zZOLw7G9fCpmRhJlepTiN_EG7dIKkslMAl4orpkB_1B7NYf2L5UWwVHG9byK8aJiuipi8TYsWxlz8FrksG4CcldR3Crt&sig=AOD64_2_7IoFNPdyy4BWFBvaibr1qVuJGw&q=&ctype=99&ved=2ahUKEwiIrvKkhcX-AhWhQ7gEHYOtDu84PBCErAF6BAgBEA0&adurl=,Site,"https://www.google.com/search?rlz=1C1GCEA_enBR1017BR1017&sxsrf=APwXEdezo9svTB193Qfnc06v2DJbtGC9Nw:1682425953768&q=clinicas+de+odontologia+em+porto+alegre&npsic=0&rflfq=1&rldoc=1&rllag=-30019392,-51204194,2447&tbm=lcl&sa=X&ved=2ahUKEwjy-NaKhcX-AhWWrpUCHV7PBd8QtgN6BAhoEAE&biw=1366&bih=625&dpr=1#",Rotas,,
,Verce Odontologia Integrada,¬∑ Cl√≠nica odontol√≥gica,"5,0",(2),"Av. Ipiranga, 607 - Sala 602 ¬∑ (51) 3231-1873",Aberto ‚ãÖ Fecha √†s 18:30,,,"https://www.google.com/search?rlz=1C1GCEA_enBR1017BR1017&sxsrf=APwXEdezo9svTB193Qfnc06v2DJbtGC9Nw:1682425953768&q=clinicas+de+odontologia+em+porto+alegre&npsic=0&rflfq=1&rldoc=1&rllag=-30019392,-51204194,2447&tbm=lcl&sa=X&ved=2ahUKEwjy-NaKhcX-AhWWrpUCHV7PBd8QtgN6BAhoEAE&biw=1366&bih=625&dpr=1#",Rotas,,
,Cl√≠nica Odontologia Especializada,Nenhum coment√°rio ¬∑ Cl√≠nica odontol√≥gica,,,"Av. Dr. Nilo Pe√ßanha, 1221/604 ¬∑ (51) 99704-7744",Aberto ‚ãÖ Fecha √†s 18:00,,,"https://www.google.com/search?rlz=1C1GCEA_enBR1017BR1017&sxsrf=APwXEdezo9svTB193Qfnc06v2DJbtGC9Nw:1682425953768&q=clinicas+de+odontologia+em+porto+alegre&npsic=0&rflfq=1&rldoc=1&rllag=-30019392,-51204194,2447&tbm=lcl&sa=X&ved=2ahUKEwjy-NaKhcX-AhWWrpUCHV7PBd8QtgN6BAhoEAE&biw=1366&bih=625&dpr=1#",Rotas,,
,DenteBelo,¬∑ Cl√≠nica odontol√≥gica,"4,1",(31),"R. Sr. dos Passos, 70 ¬∑ (51) 3224-2755",,http://dentebelofranquias.com.br/,Site,"https://www.google.com/search?rlz=1C1GCEA_enBR1017BR1017&sxsrf=APwXEdezo9svTB193Qfnc06v2DJbtGC9Nw:1682425953768&q=clinicas+de+odontologia+em+porto+alegre&npsic=0&rflfq=1&rldoc=1&rllag=-30019392,-51204194,2447&tbm=lcl&sa=X&ved=2ahUKEwjy-NaKhcX-AhWWrpUCHV7PBd8QtgN6BAhoEAE&biw=1366&bih=625&dpr=1#",Rotas,,https://www.instagram.com/dentebelo/
,DenteBelo Dentistas - Porto Alegre (Partenon),¬∑ Cl√≠nica odontol√≥gica,"3,3",(20),"Av. Bento Gon√ßalves, 3285 ¬∑ (51) 3336-4697",Aberto ‚ãÖ Fecha √†s 12:00,http://www.dentebelo.com.br/,Site,"https://www.google.com/search?rlz=1C1GCEA_enBR1017BR1017&sxsrf=APwXEdezo9svTB193Qfnc06v2DJbtGC9Nw:1682425953768&q=clinicas+de+odontologia+em+porto+alegre&npsic=0&rflfq=1&rldoc=1&rllag=-30019392,-51204194,2447&tbm=lcl&sa=X&ved=2ahUKEwjy-NaKhcX-AhWWrpUCHV7PBd8QtgN6BAhoEAE&biw=1366&bih=625&dpr=1#",Rotas,,https://www.instagram.com/dentebelo/
,Cirurgi√£o-dentista,Nenhum coment√°rio ¬∑ Cl√≠nica odontol√≥gica,,,"R. Padre Chagas, 35 ¬∑ (51) 3178-0849",10:00,,,"https://www.google.com/search?rlz=1C1GCEA_enBR1017BR1017&sxsrf=APwXEdezo9svTB193Qfnc06v2DJbtGC9Nw:1682425953768&q=clinicas+de+odontologia+em+porto+alegre&npsic=0&rflfq=1&rldoc=1&rllag=-30019392,-51204194,2447&tbm=lcl&sa=X&ved=2ahUKEwjy-NaKhcX-AhWWrpUCHV7PBd8QtgN6BAhoEAE&biw=1366&bih=625&dpr=1#",Rotas,,
,Cl√≠nica Odontol√≥gica,Nenhum coment√°rio ¬∑ Cl√≠nica odontol√≥gica,,,"Av. Benjamin Constant, 134",,,,"https://www.google.com/search?rlz=1C1GCEA_enBR1017BR1017&sxsrf=APwXEdezo9svTB193Qfnc06v2DJbtGC9Nw:1682425953768&q=clinicas+de+odontologia+em+porto+alegre&npsic=0&rflfq=1&rldoc=1&rllag=-30019392,-51204194,2447&tbm=lcl&sa=X&ved=2ahUKEwjy-NaKhcX-AhWWrpUCHV7PBd8QtgN6BAhoEAE&biw=1366&bih=625&dpr=1#",Rotas,,
,Cl√≠nica Odontol√≥gica Boek,¬∑ Cl√≠nica odontol√≥gica,"5,0",(2),"R. Mal. Floriano Peixoto, 13 ¬∑ (51) 3226-2553",,http://www.clinicaboek.com.br/,Site,"https://www.google.com/search?rlz=1C1GCEA_enBR1017BR1017&sxsrf=APwXEdezo9svTB193Qfnc06v2DJbtGC9Nw:1682425953768&q=clinicas+de+odontologia+em+porto+alegre&npsic=0&rflfq=1&rldoc=1&rllag=-30019392,-51204194,2447&tbm=lcl&sa=X&ved=2ahUKEwjy-NaKhcX-AhWWrpUCHV7PBd8QtgN6BAhoEAE&biw=1366&bih=625&dpr=1#",Rotas,,
,CR Odontologia Especializada Dra. Cristiane dos Santos Rocha,¬∑ Dentista,"5,0",(4),"R. Santana, 292 - Sala 205 ¬∑ (51) 98415-2918",Aberto ‚ãÖ Fecha √†s 19:00,https://crodontologiaespecializada.com.br/,Site,"https://www.google.com/search?rlz=1C1GCEA_enBR1017BR1017&sxsrf=APwXEdezo9svTB193Qfnc06v2DJbtGC9Nw:1682425953768&q=clinicas+de+odontologia+em+porto+alegre&npsic=0&rflfq=1&rldoc=1&rllag=-30019392,-51204194,2447&tbm=lcl&sa=X&ved=2ahUKEwjy-NaKhcX-AhWWrpUCHV7PBd8QtgN6BAhoEAE&biw=1366&bih=625&dpr=1#",Rotas,,
,SERDINCLIN ODONTOLOGIA,¬∑ Cl√≠nica odontol√≥gica,"5,0",(1),"Av. Independ√™ncia, 330 ¬∑ (51) 3224-1856",Aberto ‚ãÖ Fecha √†s 20:00,,,"https://www.google.com/search?rlz=1C1GCEA_enBR1017BR1017&sxsrf=APwXEdezo9svTB193Qfnc06v2DJbtGC9Nw:1682425953768&q=clinicas+de+odontologia+em+porto+alegre&npsic=0&rflfq=1&rldoc=1&rllag=-30019392,-51204194,2447&tbm=lcl&sa=X&ved=2ahUKEwjy-NaKhcX-AhWWrpUCHV7PBd8QtgN6BAhoEAE&biw=1366&bih=625&dpr=1#",Rotas,,
https://ssl.gstatic.com/local/servicebusiness/default_user.png,Dra. Caroline D. Rossi- Dentista e Harmoniza√ß√£o Orofacial,¬∑ Cl√≠nica odontol√≥gica,"5,0",(19),"R. Gen. Vitorino, 53 - sala 102 ¬∑ (51) 3119-7070",Aberto ‚ãÖ Fecha √†s 17:30,,,"https://www.google.com/search?rlz=1C1GCEA_enBR1017BR1017&sxsrf=APwXEdezo9svTB193Qfnc06v2DJbtGC9Nw:1682425953768&q=clinicas+de+odontologia+em+porto+alegre&npsic=0&rflfq=1&rldoc=1&rllag=-30019392,-51204194,2447&tbm=lcl&sa=X&ved=2ahUKEwjy-NaKhcX-AhWWrpUCHV7PBd8QtgN6BAhoEAE&biw=1366&bih=625&dpr=1#",Rotas,"""Fui muito bem atendido no consult√≥rio da Dra Caroline.""",
,Consult√≥rio Odontol√≥gico,Nenhum coment√°rio ¬∑ Cl√≠nica odontol√≥gica,,,"Condom√≠nio Edif√≠cio Galeria Moinho de Vento - Av. Independ√™ncia, 1211 ¬∑ (51) 3311-5959",Aberto ‚ãÖ Fecha √†s 18:00,,,"https://www.google.com/search?rlz=1C1GCEA_enBR1017BR1017&sxsrf=APwXEdezo9svTB193Qfnc06v2DJbtGC9Nw:1682425953768&q=clinicas+de+odontologia+em+porto+alegre&npsic=0&rflfq=1&rldoc=1&rllag=-30019392,-51204194,2447&tbm=lcl&sa=X&ved=2ahUKEwjy-NaKhcX-AhWWrpUCHV7PBd8QtgN6BAhoEAE&biw=1366&bih=625&dpr=1#",Rotas,,
,Odontobioest√©tica - Cl√≠nica Integrada,¬∑ Cl√≠nica odontol√≥gica,"5,0",(1),"R. Vig. Jos√© In√°cio, 566 - Sala 207 ¬∑ (51) 98650-1082",Aberto ‚ãÖ Fecha √†s 12:00,,,"https://www.google.com/search?rlz=1C1GCEA_enBR1017BR1017&sxsrf=APwXEdezo9svTB193Qfnc06v2DJbtGC9Nw:1682425953768&q=clinicas+de+odontologia+em+porto+alegre&npsic=0&rflfq=1&rldoc=1&rllag=-30019392,-51204194,2447&tbm=lcl&sa=X&ved=2ahUKEwjy-NaKhcX-AhWWrpUCHV7PBd8QtgN6BAhoEAE&biw=1366&bih=625&dpr=1#",Rotas,,
https://ssl.gstatic.com/local/servicebusiness/default_user.png,Nepo Odontologia Especializada,¬∑ Cl√≠nica odontol√≥gica,"4,4",(32),"Rua Senhor dos Passos, 71 - Primeiro Andar ¬∑ (51) 3022-2415",Aberto ‚ãÖ Fecha √†s 18:00,http://nepoodontologia.com.br/,Site,"https://www.google.com/search?rlz=1C1GCEA_enBR1017BR1017&sxsrf=APwXEdezo9svTB193Qfnc06v2DJbtGC9Nw:1682425953768&q=clinicas+de+odontologia+em+porto+alegre&npsic=0&rflfq=1&rldoc=1&rllag=-30019392,-51204194,2447&tbm=lcl&sa=X&ved=2ahUKEwjy-NaKhcX-AhWWrpUCHV7PBd8QtgN6BAhoEAE&biw=1366&bih=625&dpr=1#",Rotas,"""Achei amadorismo por parte do corpo cl√≠nico n√£o identificar isso.""",https://www.instagram.com/nepoodontologiaespecializada
https://ssl.gstatic.com/local/servicebusiness/default_user.png,NEXO - N√∫cleo de Excel√™ncia em Odontologia,¬∑ Cl√≠nica odontol√≥gica,"5,0",(25),"Av. Independ√™ncia, 1183 - sala 1508 ¬∑ (51) 98351-6463",Aberto ‚ãÖ Fecha √†s 19:00,,,"https://www.google.com/search?rlz=1C1GCEA_enBR1017BR1017&sxsrf=APwXEdezo9svTB193Qfnc06v2DJbtGC9Nw:1682425953768&q=clinicas+de+odontologia+em+porto+alegre&npsic=0&rflfq=1&rldoc=1&rllag=-30019392,-51204194,2447&tbm=lcl&sa=X&ved=2ahUKEwjy-NaKhcX-AhWWrpUCHV7PBd8QtgN6BAhoEAE&biw=1366&bih=625&dpr=1#",Rotas,"""Cl√≠nica com espa√ßo limpo e seguro para consultas durante a pandemia.""",
,VOE ODONTOLOGIA ESPECIALIZADA,¬∑ Cl√≠nica odontol√≥gica,"5,0",(3),"Rua Fernandes Vieira, 427 - sala 304 ¬∑ (51) 99876-4818",Aberto ‚ãÖ Fecha √†s 19:00,http://www.voeodontologia.com.br/,Site,"https://www.google.com/search?rlz=1C1GCEA_enBR1017BR1017&sxsrf=APwXEdezo9svTB193Qfnc06v2DJbtGC9Nw:1682425953768&q=clinicas+de+odontologia+em+porto+alegre&npsic=0&rflfq=1&rldoc=1&rllag=-30019392,-51204194,2447&tbm=lcl&sa=X&ved=2ahUKEwjy-NaKhcX-AhWWrpUCHV7PBd8QtgN6BAhoEAE&biw=1366&bih=625&dpr=1#",Rotas,,
,Cl√¨nica Sa√∫de da Boca,¬∑ Cl√≠nica odontol√≥gica,"4,6",(5),"R. Felipe Camar√£o, 751 ¬∑ (51) 3311-1946",Aberto ‚ãÖ Fecha √†s 18:00,http://www.saudedaboca.com.br/,Site,"https://www.google.com/search?rlz=1C1GCEA_enBR1017BR1017&sxsrf=APwXEdezo9svTB193Qfnc06v2DJbtGC9Nw:1682425953768&q=clinicas+de+odontologia+em+porto+alegre&npsic=0&rflfq=1&rldoc=1&rllag=-30019392,-51204194,2447&tbm=lcl&sa=X&ved=2ahUKEwjy-NaKhcX-AhWWrpUCHV7PBd8QtgN6BAhoEAE&biw=1366&bih=625&dpr=1#",Rotas,,
,Raaro Odontologia e Bem-estar,¬∑ Cl√≠nica odontol√≥gica,"5,0",(1),"R. Ramiro Barcelos, 1954 - 306 ¬∑ (51) 99358-0055",Aberto ‚ãÖ Fecha √†s 19:00,http://www.raaro.com.br/,Site,"https://www.google.com/search?rlz=1C1GCEA_enBR1017BR1017&sxsrf=APwXEdezo9svTB193Qfnc06v2DJbtGC9Nw:1682425953768&q=clinicas+de+odontologia+em+porto+alegre&npsic=0&rflfq=1&rldoc=1&rllag=-30019392,-51204194,2447&tbm=lcl&sa=X&ved=2ahUKEwjy-NaKhcX-AhWWrpUCHV7PBd8QtgN6BAhoEAE&biw=1366&bih=625&dpr=1#",Rotas,,
,OdontoKlein,¬∑ Cirurgi√£o dentista,"5,0",(2),"Av. Pernambuco, 2470 ¬∑ (51) 3028-9696",‚ãÖ Abre √†s 13:30,,,"https://www.google.com/search?rlz=1C1GCEA_enBR1017BR1017&sxsrf=APwXEdezo9svTB193Qfnc06v2DJbtGC9Nw:1682425953768&q=clinicas+de+odontologia+em+porto+alegre&npsic=0&rflfq=1&rldoc=1&rllag=-30019392,-51204194,2447&tbm=lcl&sa=X&ved=2ahUKEwjy-NaKhcX-AhWWrpUCHV7PBd8QtgN6BAhoEAE&biw=1366&bih=625&dpr=1#",Rotas,,
,Odontocom,¬∑ Cl√≠nica odontol√≥gica,"5,0",(6),"Av. Prot√°sio Alves, 5270 ¬∑ (51) 3377-1340",Aberto ‚ãÖ Fecha √†s 18:00,http://www.odontocom.com.br/,Site,"https://www.google.com/search?rlz=1C1GCEA_enBR1017BR1017&sxsrf=APwXEdezo9svTB193Qfnc06v2DJbtGC9Nw:1682425953768&q=clinicas+de+odontologia+em+porto+alegre&npsic=0&rflfq=1&rldoc=1&rllag=-30019392,-51204194,2447&tbm=lcl&sa=X&ved=2ahUKEwjy-NaKhcX-AhWWrpUCHV7PBd8QtgN6BAhoEAE&biw=1366&bih=625&dpr=1#",Rotas,,https://www.instagram.com/clinicaodontocom/
,Cl√≠nica Odontol√≥gica,¬∑ Cl√≠nica odontol√≥gica,"5,0",(1),"R. Marqu√™s do Pombal, 701",,,,"https://www.google.com/search?rlz=1C1GCEA_enBR1017BR1017&sxsrf=APwXEdezo9svTB193Qfnc06v2DJbtGC9Nw:1682425953768&q=clinicas+de+odontologia+em+porto+alegre&npsic=0&rflfq=1&rldoc=1&rllag=-30019392,-51204194,2447&tbm=lcl&sa=X&ved=2ahUKEwjy-NaKhcX-AhWWrpUCHV7PBd8QtgN6BAhoEAE&biw=1366&bih=625&dpr=1#",Rotas,,
"data:image/png;base64,iVBORw0KGgoAAAANSUhEUgAAADAAAAAwCAMAAABg3Am1AAAAQlBMVEVHcEwac+gac+gac+hlnJYac+g1jbOByZWByZVtvYM7oFgejj4nk0aByZUejj6ByZXzqB3qhgDqhgD0qBr8yTT8yTT2svvNAAAAFnRSTlMAhOv/Eb88r/////+4cG6/QJ////+nISczlwAAALRJREFUeAHV0kUWxDAMA1AHy9ze/6pT5vopw/1rKwrRjwiplBSaQNqonrTo+mpkwAI1wyqsmom/CLQkcAbgloCE0YSywhgj6I6s528EYdSKLy838beCaJTi81xC+zthtNBgwSz9eCB+f0OLD7S4W6Iz9rrCEpQIQna+pZNsK+6kmu4gL8pWVdWMJqdZUY7aBBfZzuOJvCzRRL4tQCvKjZrlHNAfb3A+tPO1uj7cs18D/nzf8QCycjvSZdC/XAAAAABJRU5ErkJggg==",Clinica Odontol√≥gica Biehl,¬∑ Cl√≠nica odontol√≥gica,"4,9",(43),Porto Alegre - RS ¬∑ (51) 3024-4810,Aberto ‚ãÖ Fecha √†s 18:00,https://www.googleadservices.com/pagead/aclk?sa=L&ai=DChcSEwiU_5-rhcX-AhWpE0wKHa3VAdgYABAHGgJvYQ&ohost=www.google.com&cid=CAESa-D2O28LINn1JnhHGXJchWtsvP4cEMDsbRUbu068m4avdDXdLQhyqtC7iD_ubN94umM_lVSdFJxR0ork5Pd_qWGvNUyBOpTWVOofh728-LDsI4CbqUOg095Xkpb1ve3ibCok0jQddRlxr3E0&sig=AOD64_3-LsYxekDo71CGSB_SdeHh3wgKzQ&q=&ctype=99&ved=2ahUKEwjfxZKrhcX-AhVsrpUCHXL7C8g4UBCErAF6BAgDEA0&adurl=,Site,"https://www.google.com/search?rlz=1C1GCEA_enBR1017BR1017&sxsrf=APwXEdezo9svTB193Qfnc06v2DJbtGC9Nw:1682425953768&q=clinicas+de+odontologia+em+porto+alegre&npsic=0&rflfq=1&rldoc=1&rllag=-30019392,-51204194,2447&tbm=lcl&sa=X&ved=2ahUKEwjy-NaKhcX-AhWWrpUCHV7PBd8QtgN6BAhoEAE&biw=1366&bih=625&dpr=1#",Rotas,,
,OdontoPop Poa,¬∑ Cl√≠nica odontol√≥gica,"2,3",(12),"Rua Vig√°rio Jos√© In√°cio, 216&nbsp, 2¬∫ andar ¬∑ (51) 3226-7791",Aberto ‚ãÖ Fecha √†s 18:00,https://www.odontopoprs.com.br/,Site,"https://www.google.com/search?rlz=1C1GCEA_enBR1017BR1017&sxsrf=APwXEdezo9svTB193Qfnc06v2DJbtGC9Nw:1682425953768&q=clinicas+de+odontologia+em+porto+alegre&npsic=0&rflfq=1&rldoc=1&rllag=-30019392,-51204194,2447&tbm=lcl&sa=X&ved=2ahUKEwjy-NaKhcX-AhWWrpUCHV7PBd8QtgN6BAhoEAE&biw=1366&bih=625&dpr=1#",Rotas,,https://www.instagram.com/odontopoppoa/
https://ssl.gstatic.com/local/servicebusiness/default_user.png,Cl√≠nica do Dente,¬∑ Cl√≠nica odontol√≥gica,"5,0",(13),"Av. Prot√°sio Alves, 3649 ¬∑ (51) 3367-5867",Aberto ‚ãÖ Fecha √†s 12:00,http://www.clinicadodente.com.br/,Site,"https://www.google.com/search?rlz=1C1GCEA_enBR1017BR1017&sxsrf=APwXEdezo9svTB193Qfnc06v2DJbtGC9Nw:1682425953768&q=clinicas+de+odontologia+em+porto+alegre&npsic=0&rflfq=1&rldoc=1&rllag=-30019392,-51204194,2447&tbm=lcl&sa=X&ved=2ahUKEwjy-NaKhcX-AhWWrpUCHV7PBd8QtgN6BAhoEAE&biw=1366&bih=625&dpr=1#",Rotas,"""Parab√©ns a toda a equipe!""",
https://ssl.gstatic.com/local/servicebusiness/default_user.png,COR - Centro de Odontologia Restauradora,¬∑ Cl√≠nica odontol√≥gica,"5,0",(1),"Av. Carlos Gomes, 1998 ¬∑ (51) 3383-1363",Aberto ‚ãÖ Fecha √†s 18:00,http://cor-rs.com.br/,Site,"https://www.google.com/search?rlz=1C1GCEA_enBR1017BR1017&sxsrf=APwXEdezo9svTB193Qfnc06v2DJbtGC9Nw:1682425953768&q=clinicas+de+odontologia+em+porto+alegre&npsic=0&rflfq=1&rldoc=1&rllag=-30019392,-51204194,2447&tbm=lcl&sa=X&ved=2ahUKEwjy-NaKhcX-AhWWrpUCHV7PBd8QtgN6BAhoEAE&biw=1366&bih=625&dpr=1#",Rotas,"""Excelente atendimento feito pela Dra.""",
https://ssl.gstatic.com/local/servicebusiness/default_user.png,Suldents Odontologia,¬∑ Cl√≠nica odontol√≥gica,"2,1",(7),"Av. Ant√¥nio de Carvalho, 1627 - sala 304 ¬∑ (51) 99306-6749",Aberto ‚ãÖ Fecha √†s 12:00,,,"https://www.google.com/search?rlz=1C1GCEA_enBR1017BR1017&sxsrf=APwXEdezo9svTB193Qfnc06v2DJbtGC9Nw:1682425953768&q=clinicas+de+odontologia+em+porto+alegre&npsic=0&rflfq=1&rldoc=1&rllag=-30019392,-51204194,2447&tbm=lcl&sa=X&ved=2ahUKEwjy-NaKhcX-AhWWrpUCHV7PBd8QtgN6BAhoEAE&biw=1366&bih=625&dpr=1#",Rotas,"""Excelente cl√≠nica muito profissionais, pre√ßo acess√≠vel.""",
,Reluz Odontologia,Nenhum coment√°rio ¬∑ Cl√≠nica odontol√≥gica,,,"Av. Jos√© Bonif√°cio, 519 - sala 307",,,,"https://www.google.com/search?rlz=1C1GCEA_enBR1017BR1017&sxsrf=APwXEdezo9svTB193Qfnc06v2DJbtGC9Nw:1682425953768&q=clinicas+de+odontologia+em+porto+alegre&npsic=0&rflfq=1&rldoc=1&rllag=-30019392,-51204194,2447&tbm=lcl&sa=X&ved=2ahUKEwjy-NaKhcX-AhWWrpUCHV7PBd8QtgN6BAhoEAE&biw=1366&bih=625&dpr=1#",Rotas,,
,"OrthoDontic em Porto Alegre RS | Aparelho Ortod√¥ntico, Clareamento Dental, Implante, Pr√≥tese, Tratamento de Canal, Siso",¬∑ Cl√≠nica odontol√≥gica,"3,0",(22),"Av. Assis Brasil, 2553 ¬∑ (51) 3013-0000",Aberto ‚ãÖ Fecha √†s 19:00,https://www.orthodonticbrasil.com.br/clinicas/porto-alegre-243/,Site,"https://www.google.com/search?rlz=1C1GCEA_enBR1017BR1017&sxsrf=APwXEdezo9svTB193Qfnc06v2DJbtGC9Nw:1682425953768&q=clinicas+de+odontologia+em+porto+alegre&npsic=0&rflfq=1&rldoc=1&rllag=-30019392,-51204194,2447&tbm=lcl&sa=X&ved=2ahUKEwjy-NaKhcX-AhWWrpUCHV7PBd8QtgN6BAhoEAE&biw=1366&bih=625&dpr=1#",Rotas,,https://www.instagram.com/orthodontic.br/
,Lavite Odontologia e Est√©tica,¬∑ Cl√≠nica odontol√≥gica,"5,0",(3),"R. Mariante, sala 202 ¬∑ (51) 3737-6968",Aberto ‚ãÖ Fecha √†s 20:00,https://www.clinicalavite.com/,Site,"https://www.google.com/search?rlz=1C1GCEA_enBR1017BR1017&sxsrf=APwXEdezo9svTB193Qfnc06v2DJbtGC9Nw:1682425953768&q=clinicas+de+odontologia+em+porto+alegre&npsic=0&rflfq=1&rldoc=1&rllag=-30019392,-51204194,2447&tbm=lcl&sa=X&ved=2ahUKEwjy-NaKhcX-AhWWrpUCHV7PBd8QtgN6BAhoEAE&biw=1366&bih=625&dpr=1#",Rotas,,https://www.instagram.com/lavite_odontologiaeestetica/
,Campus Odontologia,Nenhum coment√°rio ¬∑ Cl√≠nica odontol√≥gica,,,"Av. Ipiranga, 6690 - sala 510 ¬∑ (51) 3336-3324",Aberto ‚ãÖ Fecha √†s 18:30,http://www.campusodontologia.com.br/,Site,"https://www.google.com/search?rlz=1C1GCEA_enBR1017BR1017&sxsrf=APwXEdezo9svTB193Qfnc06v2DJbtGC9Nw:1682425953768&q=clinicas+de+odontologia+em+porto+alegre&npsic=0&rflfq=1&rldoc=1&rllag=-30019392,-51204194,2447&tbm=lcl&sa=X&ved=2ahUKEwjy-NaKhcX-AhWWrpUCHV7PBd8QtgN6BAhoEAE&biw=1366&bih=625&dpr=1#",Rotas,,
https://ssl.gstatic.com/local/servicebusiness/default_user.png,MR Odontologia e Est√©tica,¬∑ Cl√≠nica odontol√≥gica,"4,9",(38),"R. Mariante, 239/302 ¬∑ (51) 99799-2630",Aberto ‚ãÖ Fecha √†s 18:00,http://www.mrodontologia.com.br/,Site,"https://www.google.com/search?rlz=1C1GCEA_enBR1017BR1017&sxsrf=APwXEdezo9svTB193Qfnc06v2DJbtGC9Nw:1682425953768&q=clinicas+de+odontologia+em+porto+alegre&npsic=0&rflfq=1&rldoc=1&rllag=-30019392,-51204194,2447&tbm=lcl&sa=X&ved=2ahUKEwjy-NaKhcX-AhWWrpUCHV7PBd8QtgN6BAhoEAE&biw=1366&bih=625&dpr=1#",Rotas,"""Cl√≠nica maravilhosa, profissionais excelentes altamente capacitados""",
,DenteBelo Dentistas - Porto Alegre (Lomba do Pinheiro),¬∑ Cl√≠nica odontol√≥gica,"3,1",(22),"Estr. Jo√£o de Oliveira Remi√£o, 6540 ¬∑ (51) 3225-0638",Aberto ‚ãÖ Fecha √†s 12:00,http://www.dentebelo.com.br/,Site,"https://www.google.com/search?rlz=1C1GCEA_enBR1017BR1017&sxsrf=APwXEdezo9svTB193Qfnc06v2DJbtGC9Nw:1682425953768&q=clinicas+de+odontologia+em+porto+alegre&npsic=0&rflfq=1&rldoc=1&rllag=-30019392,-51204194,2447&tbm=lcl&sa=X&ved=2ahUKEwjy-NaKhcX-AhWWrpUCHV7PBd8QtgN6BAhoEAE&biw=1366&bih=625&dpr=1#",Rotas,,https://www.instagram.com/dentebelo/
https://ssl.gstatic.com/local/servicebusiness/default_user.png,Clinicentro Odonto,¬∑ Cl√≠nica odontol√≥gica,"4,6",(16),"Av. Borges de Medeiros, 410 - 5¬∫ andar ¬∑ (51) 3086-1919",Aberto ‚ãÖ Fecha √†s 17:30,http://www.clinicentroodonto.com.br/,Site,"https://www.google.com/search?rlz=1C1GCEA_enBR1017BR1017&sxsrf=APwXEdezo9svTB193Qfnc06v2DJbtGC9Nw:1682425953768&q=clinicas+de+odontologia+em+porto+alegre&npsic=0&rflfq=1&rldoc=1&rllag=-30019392,-51204194,2447&tbm=lcl&sa=X&ved=2ahUKEwjy-NaKhcX-AhWWrpUCHV7PBd8QtgN6BAhoEAE&biw=1366&bih=625&dpr=1#",Rotas,"""Cl√≠nica nota milllll!!""",https://www.instagram.com/clinicentroodonto/
,Cl√≠nica Odontol√≥gica Est√©tica & Integrativa - Dra. Luisiane Tomazzoni,¬∑ Cl√≠nica odontol√≥gica,"5,0",(10),"PARK TOWER - R. Dr. Flor√™ncio Ygartua, 270 - sala401 ¬∑ (51) 99184-8919",Aberto ‚ãÖ Fecha √†s 19:00,http://www.luisianetomazzoni.com.br/,Site,"https://www.google.com/search?rlz=1C1GCEA_enBR1017BR1017&sxsrf=APwXEdezo9svTB193Qfnc06v2DJbtGC9Nw:1682425953768&q=clinicas+de+odontologia+em+porto+alegre&npsic=0&rflfq=1&rldoc=1&rllag=-30019392,-51204194,2447&tbm=lcl&sa=X&ved=2ahUKEwjy-NaKhcX-AhWWrpUCHV7PBd8QtgN6BAhoEAE&biw=1366&bih=625&dpr=1#",Rotas,,
https://ssl.gstatic.com/local/servicebusiness/default_user.png,Especialitt√° Odontologia,¬∑ Cl√≠nica odontol√≥gica,"5,0",(2),"Av. Iguassu, 507 - 201 ¬∑ (51) 3307-9495",,http://especialittaodonto.com.br/,Site,"https://www.google.com/search?rlz=1C1GCEA_enBR1017BR1017&sxsrf=APwXEdezo9svTB193Qfnc06v2DJbtGC9Nw:1682425953768&q=clinicas+de+odontologia+em+porto+alegre&npsic=0&rflfq=1&rldoc=1&rllag=-30019392,-51204194,2447&tbm=lcl&sa=X&ved=2ahUKEwjy-NaKhcX-AhWWrpUCHV7PBd8QtgN6BAhoEAE&biw=1366&bih=625&dpr=1#",Rotas,"""Cl√≠nica sempre limpa e cheirosa, pouco tempo de espera na recep√ß√£o.""",https://www.instagram.com/especialittaodonto
,Centro de Odontologia Avan√ßada,¬∑ Cl√≠nica de implante dent√°rio,"5,0",(4),"R. Leopoldo Bier, 816 ¬∑ (51) 3332-8727",Aberto ‚ãÖ Fecha √†s 12:00,,,"https://www.google.com/search?rlz=1C1GCEA_enBR1017BR1017&sxsrf=APwXEdezo9svTB193Qfnc06v2DJbtGC9Nw:1682425953768&q=clinicas+de+odontologia+em+porto+alegre&npsic=0&rflfq=1&rldoc=1&rllag=-30019392,-51204194,2447&tbm=lcl&sa=X&ved=2ahUKEwjy-NaKhcX-AhWWrpUCHV7PBd8QtgN6BAhoEAE&biw=1366&bih=625&dpr=1#",Rotas,,
,Odontologia Est√©tica e do Esporte Dra. Claudia Pereira Lima,¬∑ Cl√≠nica odontol√≥gica,"5,0",(1),Porto Alegre - RS ¬∑ (51) 99699-8949,Aberto ‚ãÖ Fecha √†s 18:00,https://www.facebook.com/draclaudiaodontologiadoesporte/,Site,"https://www.google.com/search?rlz=1C1GCEA_enBR1017BR1017&sxsrf=APwXEdezo9svTB193Qfnc06v2DJbtGC9Nw:1682425953768&q=clinicas+de+odontologia+em+porto+alegre&npsic=0&rflfq=1&rldoc=1&rllag=-30019392,-51204194,2447&tbm=lcl&sa=X&ved=2ahUKEwjy-NaKhcX-AhWWrpUCHV7PBd8QtgN6BAhoEAE&biw=1366&bih=625&dpr=1#",Rotas,,
,Consult√≥rio Odontol√≥gico,¬∑ Cl√≠nica odontol√≥gica,"5,0",(1),"Av. Benjamin Constant, 29 ¬∑ (51) 3026-7733",Aberto ‚ãÖ Fecha √†s 18:00,,,"https://www.google.com/search?rlz=1C1GCEA_enBR1017BR1017&sxsrf=APwXEdezo9svTB193Qfnc06v2DJbtGC9Nw:1682425953768&q=clinicas+de+odontologia+em+porto+alegre&npsic=0&rflfq=1&rldoc=1&rllag=-30019392,-51204194,2447&tbm=lcl&sa=X&ved=2ahUKEwjy-NaKhcX-AhWWrpUCHV7PBd8QtgN6BAhoEAE&biw=1366&bih=625&dpr=1#",Rotas,,
,Cl√≠nica Dent√°ria Raskin,Nenhum coment√°rio ¬∑ Cl√≠nica odontol√≥gica,,,"Rua Francisco Ferrer, 453 - Sala 301 ¬∑ (51) 3028-4024",Aberto ‚ãÖ Fecha √†s 18:00,,,"https://www.google.com/search?rlz=1C1GCEA_enBR1017BR1017&sxsrf=APwXEdezo9svTB193Qfnc06v2DJbtGC9Nw:1682425953768&q=clinicas+de+odontologia+em+porto+alegre&npsic=0&rflfq=1&rldoc=1&rllag=-30019392,-51204194,2447&tbm=lcl&sa=X&ved=2ahUKEwjy-NaKhcX-AhWWrpUCHV7PBd8QtgN6BAhoEAE&biw=1366&bih=625&dpr=1#",Rotas,,
https://ssl.gstatic.com/local/servicebusiness/default_user.png,Integrare Cl√≠nica Odontol√≥gica,¬∑ Cl√≠nica odontol√≥gica,"5,0",(293),"Av. Wenceslau Escobar, 3033 - Loja 208 ¬∑ (51) 3084-0198",Aberto ‚ãÖ Fecha √†s 19:00,http://integrareodontologia.com/,Site,"https://www.google.com/search?rlz=1C1GCEA_enBR1017BR1017&sxsrf=APwXEdezo9svTB193Qfnc06v2DJbtGC9Nw:1682425953768&q=clinicas+de+odontologia+em+porto+alegre&npsic=0&rflfq=1&rldoc=1&rllag=-30019392,-51204194,2447&tbm=lcl&sa=X&ved=2ahUKEwjy-NaKhcX-AhWWrpUCHV7PBd8QtgN6BAhoEAE&biw=1366&bih=625&dpr=1#",Rotas,"""Cl√≠nica moderna, com equipamentos novos e de √∫ltima gera√ß√£o.""",https://www.instagram.com/integrarepoa/
https://ssl.gstatic.com/local/servicebusiness/default_user.png,"Dr. Rafael Pocztaruk - Dentista - Implantes Dent√°rios, Lentes de contato dental em Porto Alegre",¬∑ Dentista,"5,0",(101),"R. Miguel Tostes, 533/202 ¬∑ (51) 99950-7741",Aberto ‚ãÖ Fecha √†s 18:00,https://doutorrafael.com.br/,Site,"https://www.google.com/search?rlz=1C1GCEA_enBR1017BR1017&sxsrf=APwXEdezo9svTB193Qfnc06v2DJbtGC9Nw:1682425953768&q=clinicas+de+odontologia+em+porto+alegre&npsic=0&rflfq=1&rldoc=1&rllag=-30019392,-51204194,2447&tbm=lcl&sa=X&ved=2ahUKEwjy-NaKhcX-AhWWrpUCHV7PBd8QtgN6BAhoEAE&biw=1366&bih=625&dpr=1#",Rotas,""" moderna, equipada, excelente atendimento.""",https://www.instagram.com/odontologia_rafael_pocztaruk/
,Odontocl√≠nica SK,Nenhum coment√°rio ¬∑ Cl√≠nica odontol√≥gica,,,"R. Mal. Floriano Peixoto, 91 ¬∑ (51) 3028-8038",,,,"https://www.google.com/search?rlz=1C1GCEA_enBR1017BR1017&sxsrf=APwXEdezo9svTB193Qfnc06v2DJbtGC9Nw:1682425953768&q=clinicas+de+odontologia+em+porto+alegre&npsic=0&rflfq=1&rldoc=1&rllag=-30019392,-51204194,2447&tbm=lcl&sa=X&ved=2ahUKEwjy-NaKhcX-AhWWrpUCHV7PBd8QtgN6BAhoEAE&biw=1366&bih=625&dpr=1#",Rotas,,
"data:image/png;base64,iVBORw0KGgoAAAANSUhEUgAAADAAAAAwCAMAAABg3Am1AAAAQlBMVEVHcEwac+gac+gac+hlnJYac+g1jbOByZWByZVtvYM7oFgejj4nk0aByZUejj6ByZXzqB3qhgDqhgD0qBr8yTT8yTT2svvNAAAAFnRSTlMAhOv/Eb88r/////+4cG6/QJ////+nISczlwAAALRJREFUeAHV0kUWxDAMA1AHy9ze/6pT5vopw/1rKwrRjwiplBSaQNqonrTo+mpkwAI1wyqsmom/CLQkcAbgloCE0YSywhgj6I6s528EYdSKLy838beCaJTi81xC+zthtNBgwSz9eCB+f0OLD7S4W6Iz9rrCEpQIQna+pZNsK+6kmu4gL8pWVdWMJqdZUY7aBBfZzuOJvCzRRL4tQCvKjZrlHNAfb3A+tPO1uj7cs18D/nzf8QCycjvSZdC/XAAAAABJRU5ErkJggg==",Clinica Odontol√≥gica Biehl,¬∑ Cl√≠nica odontol√≥gica,"4,9",(43),Porto Alegre - RS ¬∑ (51) 3024-4810,Aberto ‚ãÖ Fecha √†s 18:00,https://www.googleadservices.com/pagead/aclk?sa=L&ai=DChcSEwiHtOCvhcX-AhXxE9QBHRAzAmsYABAHGgJvYQ&ohost=www.google.com&cid=CAESa-D2mQcFtrDSqqqOTXbBNyDRLnemW5ev3XnKpWfRqHqx70OsB1vWJkSS2X7qS7nDfAtQC-CA3u1MhNeoB4DoFlOituJvEwapqenU_xz3ZPIP2opUPpohL9t0lIPB4jPHMXIUdelOVtbWppM1&sig=AOD64_12W8qhyUj3CC2Mp3OZFv4ERZI2uQ&q=&ctype=99&ved=2ahUKEwij39OvhcX-AhX8sJUCHbNvBiM4ZBCErAF6BAgEEA0&adurl=,Site,"https://www.google.com/search?rlz=1C1GCEA_enBR1017BR1017&sxsrf=APwXEdezo9svTB193Qfnc06v2DJbtGC9Nw:1682425953768&q=clinicas+de+odontologia+em+porto+alegre&npsic=0&rflfq=1&rldoc=1&rllag=-30019392,-51204194,2447&tbm=lcl&sa=X&ved=2ahUKEwjy-NaKhcX-AhWWrpUCHV7PBd8QtgN6BAhoEAE&biw=1366&bih=625&dpr=1#",Rotas,,
https://ssl.gstatic.com/local/servicebusiness/default_user.png,Cl√≠nica Odontol√≥gica Dentosul,¬∑ Dentista,"4,7",(60),"Av. Jo√£o Ant√¥nio Silveira, 1911 - Sala 302 ¬∑ (51) 99595-3238",Aberto ‚ãÖ Fecha √†s 18:00,http://www.dentosul.com.br/,Site,"https://www.google.com/search?rlz=1C1GCEA_enBR1017BR1017&sxsrf=APwXEdezo9svTB193Qfnc06v2DJbtGC9Nw:1682425953768&q=clinicas+de+odontologia+em+porto+alegre&npsic=0&rflfq=1&rldoc=1&rllag=-30019392,-51204194,2447&tbm=lcl&sa=X&ved=2ahUKEwjy-NaKhcX-AhWWrpUCHV7PBd8QtgN6BAhoEAE&biw=1366&bih=625&dpr=1#",Rotas,"""Cl√≠nica muito boa, √≥timos funcion√°rios e excelentes dentistas!""",https://www.instagram.com/wyllpomarketing/
,"OrthoDontic em Porto Alegre | Aparelho Ortod√¥ntico, Clareamento Dental, Implante, Pr√≥tese, Tratamento de Canal, Extra√ß√£o Siso",¬∑ Cl√≠nica odontol√≥gica,"4,1",(9),"Av. Borges de Medeiros, 308 - Sala 11 ¬∑ (51) 3013-0000",Aberto ‚ãÖ Fecha √†s 19:00,https://www.orthodonticbrasil.com.br/clinicas/porto-alegre-111/,Site,"https://www.google.com/search?rlz=1C1GCEA_enBR1017BR1017&sxsrf=APwXEdezo9svTB193Qfnc06v2DJbtGC9Nw:1682425953768&q=clinicas+de+odontologia+em+porto+alegre&npsic=0&rflfq=1&rldoc=1&rllag=-30019392,-51204194,2447&tbm=lcl&sa=X&ved=2ahUKEwjy-NaKhcX-AhWWrpUCHV7PBd8QtgN6BAhoEAE&biw=1366&bih=625&dpr=1#",Rotas,,https://www.instagram.com/orthodontic.br/
,HPS Dent√°rio,¬∑ Cl√≠nica odontol√≥gica,"3,7",(94),"Av. Ven√¢ncio Aires, 1185 ¬∑ (51) 3332-9300",Aberto 24 horas,http://www.hpsdentario.com.br/,Site,"https://www.google.com/search?rlz=1C1GCEA_enBR1017BR1017&sxsrf=APwXEdezo9svTB193Qfnc06v2DJbtGC9Nw:1682425953768&q=clinicas+de+odontologia+em+porto+alegre&npsic=0&rflfq=1&rldoc=1&rllag=-30019392,-51204194,2447&tbm=lcl&sa=X&ved=2ahUKEwjy-NaKhcX-AhWWrpUCHV7PBd8QtgN6BAhoEAE&biw=1366&bih=625&dpr=1#",Rotas,,
,Adriana L√†nger Odontologia,¬∑ Dentista,"5,0",(40),"R. Miguel Tostes, 880 ¬∑ (51) 3028-7576",Aberto ‚ãÖ Fecha √†s 18:00,https://adrianalanger.com.br/,Site,"https://www.google.com/search?rlz=1C1GCEA_enBR1017BR1017&sxsrf=APwXEdezo9svTB193Qfnc06v2DJbtGC9Nw:1682425953768&q=clinicas+de+odontologia+em+porto+alegre&npsic=0&rflfq=1&rldoc=1&rllag=-30019392,-51204194,2447&tbm=lcl&sa=X&ved=2ahUKEwjy-NaKhcX-AhWWrpUCHV7PBd8QtgN6BAhoEAE&biw=1366&bih=625&dpr=1#",Rotas,,https://www.instagram.com/dra.adrianalanger
,"Cl√≠nica de Ortodontia, Ortopedia Facial e Odontopediatria",¬∑ Cl√≠nica odontol√≥gica,"5,0",(1),"R. Furriel Lu√≠z Ant√¥nio de Vargas, 250 - conj 1404 ¬∑ (51) 3328-8228",,http://www.tavares.odo.br/,Site,"https://www.google.com/search?rlz=1C1GCEA_enBR1017BR1017&sxsrf=APwXEdezo9svTB193Qfnc06v2DJbtGC9Nw:1682425953768&q=clinicas+de+odontologia+em+porto+alegre&npsic=0&rflfq=1&rldoc=1&rllag=-30019392,-51204194,2447&tbm=lcl&sa=X&ved=2ahUKEwjy-NaKhcX-AhWWrpUCHV7PBd8QtgN6BAhoEAE&biw=1366&bih=625&dpr=1#",Rotas,,
,Dentalismile,Nenhum coment√°rio ¬∑ Cl√≠nica odontol√≥gica,,,"Av. Osvaldo Aranha, 1423 - sala302 ¬∑ (51) 98146-0132",,,,"https://www.google.com/search?rlz=1C1GCEA_enBR1017BR1017&sxsrf=APwXEdezo9svTB193Qfnc06v2DJbtGC9Nw:1682425953768&q=clinicas+de+odontologia+em+porto+alegre&npsic=0&rflfq=1&rldoc=1&rllag=-30019392,-51204194,2447&tbm=lcl&sa=X&ved=2ahUKEwjy-NaKhcX-AhWWrpUCHV7PBd8QtgN6BAhoEAE&biw=1366&bih=625&dpr=1#",Rotas,,
https://ssl.gstatic.com/local/servicebusiness/default_user.png,Orthoclass Clinica Dent√°ria Ltda.,¬∑ Cl√≠nica odontol√≥gica,"5,0",(6),"R. dos Andradas, 1234/1604 ¬∑ (51) 3227-0487",Aberto ‚ãÖ Fecha √†s 19:00,,,"https://www.google.com/search?rlz=1C1GCEA_enBR1017BR1017&sxsrf=APwXEdezo9svTB193Qfnc06v2DJbtGC9Nw:1682425953768&q=clinicas+de+odontologia+em+porto+alegre&npsic=0&rflfq=1&rldoc=1&rllag=-30019392,-51204194,2447&tbm=lcl&sa=X&ved=2ahUKEwjy-NaKhcX-AhWWrpUCHV7PBd8QtgN6BAhoEAE&biw=1366&bih=625&dpr=1#",Rotas,"""Eu e minha filha adoramos a cl√≠nica.""",
,Consult√≥rio Dr. Fl√°vio Rodolfo Tonial,¬∑ Cl√≠nica odontol√≥gica,"5,0",(1),"R. Felipe Camar√£o, 748 - Sala 101 ¬∑ (51) 3225-1972",,,,"https://www.google.com/search?rlz=1C1GCEA_enBR1017BR1017&sxsrf=APwXEdezo9svTB193Qfnc06v2DJbtGC9Nw:1682425953768&q=clinicas+de+odontologia+em+porto+alegre&npsic=0&rflfq=1&rldoc=1&rllag=-30019392,-51204194,2447&tbm=lcl&sa=X&ved=2ahUKEwjy-NaKhcX-AhWWrpUCHV7PBd8QtgN6BAhoEAE&biw=1366&bih=625&dpr=1#",Rotas,,
https://ssl.gstatic.com/local/servicebusiness/default_user.png,"Dr. Vicente Piccoli Ortodontia e Odontologia do Sono, Invisalign Porto Alegre - Aparelho Ronco e Apneia do Sono",¬∑ Cl√≠nica odontol√≥gica,"5,0",(88),"R. Ramiro Barcelos, 1201 - sala 1301 ¬∑ (51) 99606-8383",Aberto ‚ãÖ Fecha √†s 18:30,http://www.vicentepiccoli.com.br/,Site,"https://www.google.com/search?rlz=1C1GCEA_enBR1017BR1017&sxsrf=APwXEdezo9svTB193Qfnc06v2DJbtGC9Nw:1682425953768&q=clinicas+de+odontologia+em+porto+alegre&npsic=0&rflfq=1&rldoc=1&rllag=-30019392,-51204194,2447&tbm=lcl&sa=X&ved=2ahUKEwjy-NaKhcX-AhWWrpUCHV7PBd8QtgN6BAhoEAE&biw=1366&bih=625&dpr=1#",Rotas,"""Excelente profissional, cl√≠nica maravilhosa.""",https://www.instagram.com/piccolivicente/
,Estevan Stegues Odontologia especilizado em implante dent√°rio,Nenhum coment√°rio ¬∑ Cl√≠nica odontol√≥gica,,,"R. Mostardeiro, 157 - sala 507 ¬∑ (51) 99251-6108",Aberto ‚ãÖ Fecha √†s 12:00,,,"https://www.google.com/search?rlz=1C1GCEA_enBR1017BR1017&sxsrf=APwXEdezo9svTB193Qfnc06v2DJbtGC9Nw:1682425953768&q=clinicas+de+odontologia+em+porto+alegre&npsic=0&rflfq=1&rldoc=1&rllag=-30019392,-51204194,2447&tbm=lcl&sa=X&ved=2ahUKEwjy-NaKhcX-AhWWrpUCHV7PBd8QtgN6BAhoEAE&biw=1366&bih=625&dpr=1#",Rotas,,
,Cl√≠nica Dr. Eduardo Cardon - Dentista,¬∑ Cl√≠nica odontol√≥gica,"5,0",(1),"R. Felipe Camar√£o, 688 ¬∑ (51) 3019-6630",Aberto ‚ãÖ Fecha √†s 20:00,,,"https://www.google.com/search?rlz=1C1GCEA_enBR1017BR1017&sxsrf=APwXEdezo9svTB193Qfnc06v2DJbtGC9Nw:1682425953768&q=clinicas+de+odontologia+em+porto+alegre&npsic=0&rflfq=1&rldoc=1&rllag=-30019392,-51204194,2447&tbm=lcl&sa=X&ved=2ahUKEwjy-NaKhcX-AhWWrpUCHV7PBd8QtgN6BAhoEAE&biw=1366&bih=625&dpr=1#",Rotas,,
,Cl√≠nica Odontol√≥gica,Nenhum coment√°rio ¬∑ Dentista,,,"R. Furriel Lu√≠z Ant√¥nio de Vargas, 250",,,,"https://www.google.com/search?rlz=1C1GCEA_enBR1017BR1017&sxsrf=APwXEdezo9svTB193Qfnc06v2DJbtGC9Nw:1682425953768&q=clinicas+de+odontologia+em+porto+alegre&npsic=0&rflfq=1&rldoc=1&rllag=-30019392,-51204194,2447&tbm=lcl&sa=X&ved=2ahUKEwjy-NaKhcX-AhWWrpUCHV7PBd8QtgN6BAhoEAE&biw=1366&bih=625&dpr=1#",Rotas,,
https://ssl.gstatic.com/local/servicebusiness/default_user.png,Dentista Paulo Coutinho | Odontologia Est√©tica,¬∑ Dentista,"5,0",(55),"R. Felipe Camar√£o, 751 - CONJ 306 ¬∑ (51) 99816-6738",Aberto ‚ãÖ Fecha √†s 18:00,http://www.saudedaboca.com.br/,Site,"https://www.google.com/search?rlz=1C1GCEA_enBR1017BR1017&sxsrf=APwXEdezo9svTB193Qfnc06v2DJbtGC9Nw:1682425953768&q=clinicas+de+odontologia+em+porto+alegre&npsic=0&rflfq=1&rldoc=1&rllag=-30019392,-51204194,2447&tbm=lcl&sa=X&ved=2ahUKEwjy-NaKhcX-AhWWrpUCHV7PBd8QtgN6BAhoEAE&biw=1366&bih=625&dpr=1#",Rotas,"""Desejo sucesso e prosperidade a√≠ Equipe Sa√∫de  da Boca!""",
,Dr. Alex Sandro Tavares da Silva - Odontologista,Nenhum coment√°rio ¬∑ Cl√≠nica odontol√≥gica,,,"306, Rua Francisco Ferrer, 441 ¬∑ (51) 3217-4300",,,,"https://www.google.com/search?rlz=1C1GCEA_enBR1017BR1017&sxsrf=APwXEdezo9svTB193Qfnc06v2DJbtGC9Nw:1682425953768&q=clinicas+de+odontologia+em+porto+alegre&npsic=0&rflfq=1&rldoc=1&rllag=-30019392,-51204194,2447&tbm=lcl&sa=X&ved=2ahUKEwjy-NaKhcX-AhWWrpUCHV7PBd8QtgN6BAhoEAE&biw=1366&bih=625&dpr=1#",Rotas,,
,Dentistry Clinica de Sa√∫de Oral,¬∑ Cl√≠nica odontol√≥gica,"4,0",(4),"Pra√ßa Osvaldo Cruz, 15 /1014 - 15 /1014 ¬∑ (51) 3228-9763",Aberto ‚ãÖ Fecha √†s 18:00,,,"https://www.google.com/search?rlz=1C1GCEA_enBR1017BR1017&sxsrf=APwXEdezo9svTB193Qfnc06v2DJbtGC9Nw:1682425953768&q=clinicas+de+odontologia+em+porto+alegre&npsic=0&rflfq=1&rldoc=1&rllag=-30019392,-51204194,2447&tbm=lcl&sa=X&ved=2ahUKEwjy-NaKhcX-AhWWrpUCHV7PBd8QtgN6BAhoEAE&biw=1366&bih=625&dpr=1#",Rotas,,
,Odonto Cl√≠nica,Nenhum coment√°rio ¬∑ Dentista,,,"Rua Dr. Vale, 60",,,,"https://www.google.com/search?rlz=1C1GCEA_enBR1017BR1017&sxsrf=APwXEdezo9svTB193Qfnc06v2DJbtGC9Nw:1682425953768&q=clinicas+de+odontologia+em+porto+alegre&npsic=0&rflfq=1&rldoc=1&rllag=-30019392,-51204194,2447&tbm=lcl&sa=X&ved=2ahUKEwjy-NaKhcX-AhWWrpUCHV7PBd8QtgN6BAhoEAE&biw=1366&bih=625&dpr=1#",Rotas,,
,Odontol√≥gia Especializada - Dentista Porto Alegre,Nenhum coment√°rio ¬∑ Dentista,,,"R. Liberdade, 42 ¬∑ (51) 99666-5345",Aberto ‚ãÖ Fecha √†s 18:00,,,"https://www.google.com/search?rlz=1C1GCEA_enBR1017BR1017&sxsrf=APwXEdezo9svTB193Qfnc06v2DJbtGC9Nw:1682425953768&q=clinicas+de+odontologia+em+porto+alegre&npsic=0&rflfq=1&rldoc=1&rllag=-30019392,-51204194,2447&tbm=lcl&sa=X&ved=2ahUKEwjy-NaKhcX-AhWWrpUCHV7PBd8QtgN6BAhoEAE&biw=1366&bih=625&dpr=1#",Rotas,,
,Clinica Odontologica,Nenhum coment√°rio ¬∑ Dentista,,,"R. Felicissimo de Azevedo, 1020",,,,"https://www.google.com/search?rlz=1C1GCEA_enBR1017BR1017&sxsrf=APwXEdezo9svTB193Qfnc06v2DJbtGC9Nw:1682425953768&q=clinicas+de+odontologia+em+porto+alegre&npsic=0&rflfq=1&rldoc=1&rllag=-30019392,-51204194,2447&tbm=lcl&sa=X&ved=2ahUKEwjy-NaKhcX-AhWWrpUCHV7PBd8QtgN6BAhoEAE&biw=1366&bih=625&dpr=1#",Rotas,,
,Cl√≠nica de Odontologia Lehugeur,¬∑ Dentista,"5,0",(2),"R. S√£o Manoel, 1919 ¬∑ (51) 3223-4600",Aberto ‚ãÖ Fecha √†s 12:00,,,"https://www.google.com/search?rlz=1C1GCEA_enBR1017BR1017&sxsrf=APwXEdezo9svTB193Qfnc06v2DJbtGC9Nw:1682425953768&q=clinicas+de+odontologia+em+porto+alegre&npsic=0&rflfq=1&rldoc=1&rllag=-30019392,-51204194,2447&tbm=lcl&sa=X&ved=2ahUKEwjy-NaKhcX-AhWWrpUCHV7PBd8QtgN6BAhoEAE&biw=1366&bih=625&dpr=1#",Rotas,,
,Dra. Fab√≠ola Roggia Cirurgi√£ Dentista,¬∑ Cl√≠nica odontol√≥gica,"5,0",(1),"Av. Osvaldo Aranha, 1022 - Sala 809 ¬∑ (51) 99952-5853",Aberto ‚ãÖ Fecha √†s 18:00,http://fabiolaroggia.com.br/,Site,"https://www.google.com/search?rlz=1C1GCEA_enBR1017BR1017&sxsrf=APwXEdezo9svTB193Qfnc06v2DJbtGC9Nw:1682425953768&q=clinicas+de+odontologia+em+porto+alegre&npsic=0&rflfq=1&rldoc=1&rllag=-30019392,-51204194,2447&tbm=lcl&sa=X&ved=2ahUKEwjy-NaKhcX-AhWWrpUCHV7PBd8QtgN6BAhoEAE&biw=1366&bih=625&dpr=1#",Rotas,,https://www.instagram.com/roggiafabiola
