Razão Social,rllt__details,yi40Hd,RDApEe,Endereço e telefone,rllt__details 3,Site,BSaJxc,yYlJEf href 2,UbRuwe,Instagram
AR Odontologia,· Clínica odontológica,"3,6",(148),Belo Horizonte - MG · (31) 4102-0700,Aberto ⋅ Fecha às 19:00,https://www.googleadservices.com/pagead/aclk?sa=L&ai=DChcSEwjPp7Wkh8P-AhXJK0wKHZftDcAYABAAGgJvYQ&ohost=www.google.com&cid=CAESa-D2yWS6Gg_BWRCN32NKhHdCX7gZxF2GZGEVaN1AG-gocbSc2z_XdxENnIWFBfg6SQjaPnULbcLY_KHYlvIlfXEHtBdKNE0c5alCo6C1x1K_rMDuXv4I_7AgyT5MRPwSXK68cQhI1QlO8DHF&sig=AOD64_2S_0TeydE5fGfVJSz1RaM_8irscw&q=&ctype=99&ved=2ahUKEwiEiqikh8P-AhXnL7kGHZfADc8QhKwBegQIBxAN&adurl=,Site,https://www.google.com/search?q=clinicas+de+odontologia+belo+horizonte&rlz=1C1GCEA_enBR1017BR1017&biw=1366&bih=625&tbm=lcl&sxsrf=APwXEde1B3e180ofg50QB1GRyvbiaOHs1A%3A1682356107364&ei=i7dGZILzFZ7c5OUPiIaGuAY&ved=0ahUKEwjC5KjxgMP-AhUeLrkGHQiDAWcQ4dUDCAk&uact=5&oq=clinicas+de+odontologia+belo+horizonte&gs_lcp=Cg1nd3Mtd2l6LWxvY2FsEAMyBAgjECdQ4AVY3A1gzA5oAHAAeACAAZYCiAHDEZIBBTAuMy43mAEAoAEBwAEB&sclient=gws-wiz-local#,Rotas,https://www.instagram.com/alyssonresende/?hl=pt-br
Odontoclinic,· Dentista,"3,6",(20),"Rua dos Guajajaras, 375 · (31) 3347-2333",Aberto ⋅ Fecha às 19:00,https://tinyurl.com/odontoclinic-centro,Site,https://www.google.com/search?q=clinicas+de+odontologia+belo+horizonte&rlz=1C1GCEA_enBR1017BR1017&biw=1366&bih=625&tbm=lcl&sxsrf=APwXEde1B3e180ofg50QB1GRyvbiaOHs1A%3A1682356107364&ei=i7dGZILzFZ7c5OUPiIaGuAY&ved=0ahUKEwjC5KjxgMP-AhUeLrkGHQiDAWcQ4dUDCAk&uact=5&oq=clinicas+de+odontologia+belo+horizonte&gs_lcp=Cg1nd3Mtd2l6LWxvY2FsEAMyBAgjECdQ4AVY3A1gzA5oAHAAeACAAZYCiAHDEZIBBTAuMy43mAEAoAEBwAEB&sclient=gws-wiz-local#,Rotas,https://www.instagram.com/whatsapp/?hl=en
Clinica Odontológica Bias Fortes,· Clínica odontológica,"4,8",(663),"Av. Bias Fortes, 247 · (31) 3058-1862",Aberto 24 horas,http://clinicadentariabh.com.br/,Site,https://www.google.com/search?q=clinicas+de+odontologia+belo+horizonte&rlz=1C1GCEA_enBR1017BR1017&biw=1366&bih=625&tbm=lcl&sxsrf=APwXEde1B3e180ofg50QB1GRyvbiaOHs1A%3A1682356107364&ei=i7dGZILzFZ7c5OUPiIaGuAY&ved=0ahUKEwjC5KjxgMP-AhUeLrkGHQiDAWcQ4dUDCAk&uact=5&oq=clinicas+de+odontologia+belo+horizonte&gs_lcp=Cg1nd3Mtd2l6LWxvY2FsEAMyBAgjECdQ4AVY3A1gzA5oAHAAeACAAZYCiAHDEZIBBTAuMy43mAEAoAEBwAEB&sclient=gws-wiz-local#,Rotas,
Centro,· Clínica odontológica,"4,8",(44),"Av. Paraná, 577 - 4° andar · (31) 3201-0937",Aberto ⋅ Fecha às 19:00,https://odontocentrobh.com.br/,Site,https://www.google.com/search?q=clinicas+de+odontologia+belo+horizonte&rlz=1C1GCEA_enBR1017BR1017&biw=1366&bih=625&tbm=lcl&sxsrf=APwXEde1B3e180ofg50QB1GRyvbiaOHs1A%3A1682356107364&ei=i7dGZILzFZ7c5OUPiIaGuAY&ved=0ahUKEwjC5KjxgMP-AhUeLrkGHQiDAWcQ4dUDCAk&uact=5&oq=clinicas+de+odontologia+belo+horizonte&gs_lcp=Cg1nd3Mtd2l6LWxvY2FsEAMyBAgjECdQ4AVY3A1gzA5oAHAAeACAAZYCiAHDEZIBBTAuMy43mAEAoAEBwAEB&sclient=gws-wiz-local#,Rotas,https://www.instagram.com/odontocentrobh/
"Art,Odontologia Estética Bh",· Clínica odontológica,"4,9",(15),"R. Gonçalves Dias, 142 - sala 402/403 · (31) 3225-1814",Aberto ⋅ Fecha às 18:30,https://www.artodontologiaestetica.com.br/,Site,https://www.google.com/search?q=clinicas+de+odontologia+belo+horizonte&rlz=1C1GCEA_enBR1017BR1017&biw=1366&bih=625&tbm=lcl&sxsrf=APwXEde1B3e180ofg50QB1GRyvbiaOHs1A%3A1682356107364&ei=i7dGZILzFZ7c5OUPiIaGuAY&ved=0ahUKEwjC5KjxgMP-AhUeLrkGHQiDAWcQ4dUDCAk&uact=5&oq=clinicas+de+odontologia+belo+horizonte&gs_lcp=Cg1nd3Mtd2l6LWxvY2FsEAMyBAgjECdQ4AVY3A1gzA5oAHAAeACAAZYCiAHDEZIBBTAuMy43mAEAoAEBwAEB&sclient=gws-wiz-local#,Rotas,https://www.instagram.com/artodontologiaestetica
Clínica Odontológica DNTBRAS Belo Horizonte,· Clínica odontológica,"3,9",(15),"Rua dos Guaranis, 436 · (31) 3267-7973",Aberto ⋅ Fecha às 19:00,http://contate.me/dntbrasbh1,Site,https://www.google.com/search?q=clinicas+de+odontologia+belo+horizonte&rlz=1C1GCEA_enBR1017BR1017&biw=1366&bih=625&tbm=lcl&sxsrf=APwXEde1B3e180ofg50QB1GRyvbiaOHs1A%3A1682356107364&ei=i7dGZILzFZ7c5OUPiIaGuAY&ved=0ahUKEwjC5KjxgMP-AhUeLrkGHQiDAWcQ4dUDCAk&uact=5&oq=clinicas+de+odontologia+belo+horizonte&gs_lcp=Cg1nd3Mtd2l6LWxvY2FsEAMyBAgjECdQ4AVY3A1gzA5oAHAAeACAAZYCiAHDEZIBBTAuMy43mAEAoAEBwAEB&sclient=gws-wiz-local#,Rotas,https://www.instagram.com/whatsapp/?hl=en
Rede Odonto,· Clínica odontológica,"5,0",(187),"R. dos Tamóios, 666 - Sala: 805 · (31) 2116-1254",Aberto ⋅ Fecha às 18:00,https://www.redeodonto.com.br/associadas/unidade/mg/belo-horizonte/-rede-odonto-bh-centro-1,Site,https://www.google.com/search?q=clinicas+de+odontologia+belo+horizonte&rlz=1C1GCEA_enBR1017BR1017&biw=1366&bih=625&tbm=lcl&sxsrf=APwXEde1B3e180ofg50QB1GRyvbiaOHs1A%3A1682356107364&ei=i7dGZILzFZ7c5OUPiIaGuAY&ved=0ahUKEwjC5KjxgMP-AhUeLrkGHQiDAWcQ4dUDCAk&uact=5&oq=clinicas+de+odontologia+belo+horizonte&gs_lcp=Cg1nd3Mtd2l6LWxvY2FsEAMyBAgjECdQ4AVY3A1gzA5oAHAAeACAAZYCiAHDEZIBBTAuMy43mAEAoAEBwAEB&sclient=gws-wiz-local#,Rotas,https://www.instagram.com/redeodonto/
"Kazia Odontologia - Especializada em Próteses, Implantes em Belo Horizonte",· Clínica odontológica,"4,8",(81),"Rua Antônio Bandeira, 45 B · (31) 97596-6532",Aberto ⋅ Fecha às 18:30,,,https://www.google.com/search?q=clinicas+de+odontologia+belo+horizonte&rlz=1C1GCEA_enBR1017BR1017&biw=1366&bih=625&tbm=lcl&sxsrf=APwXEde1B3e180ofg50QB1GRyvbiaOHs1A%3A1682356107364&ei=i7dGZILzFZ7c5OUPiIaGuAY&ved=0ahUKEwjC5KjxgMP-AhUeLrkGHQiDAWcQ4dUDCAk&uact=5&oq=clinicas+de+odontologia+belo+horizonte&gs_lcp=Cg1nd3Mtd2l6LWxvY2FsEAMyBAgjECdQ4AVY3A1gzA5oAHAAeACAAZYCiAHDEZIBBTAuMy43mAEAoAEBwAEB&sclient=gws-wiz-local#,Rotas,
BV Odontologia,· Clínica odontológica,"4,7",(78),"R. Padre Rolim, 769 - sala 1401 · (31) 98880-4039",Aberto ⋅ Fecha às 19:00,http://bvodonto.com/,Site,https://www.google.com/search?q=clinicas+de+odontologia+belo+horizonte&rlz=1C1GCEA_enBR1017BR1017&biw=1366&bih=625&tbm=lcl&sxsrf=APwXEde1B3e180ofg50QB1GRyvbiaOHs1A%3A1682356107364&ei=i7dGZILzFZ7c5OUPiIaGuAY&ved=0ahUKEwjC5KjxgMP-AhUeLrkGHQiDAWcQ4dUDCAk&uact=5&oq=clinicas+de+odontologia+belo+horizonte&gs_lcp=Cg1nd3Mtd2l6LWxvY2FsEAMyBAgjECdQ4AVY3A1gzA5oAHAAeACAAZYCiAHDEZIBBTAuMy43mAEAoAEBwAEB&sclient=gws-wiz-local#,Rotas,
Clínica de Saúde,· Clínica odontológica,"3,4",(5),"Rua dos Guajajaras, 910 - Conj. 1801/1805 · (31) 3272-6091",Aberto ⋅ Fecha às 19:00,,,https://www.google.com/search?q=clinicas+de+odontologia+belo+horizonte&rlz=1C1GCEA_enBR1017BR1017&biw=1366&bih=625&tbm=lcl&sxsrf=APwXEde1B3e180ofg50QB1GRyvbiaOHs1A%3A1682356107364&ei=i7dGZILzFZ7c5OUPiIaGuAY&ved=0ahUKEwjC5KjxgMP-AhUeLrkGHQiDAWcQ4dUDCAk&uact=5&oq=clinicas+de+odontologia+belo+horizonte&gs_lcp=Cg1nd3Mtd2l6LWxvY2FsEAMyBAgjECdQ4AVY3A1gzA5oAHAAeACAAZYCiAHDEZIBBTAuMy43mAEAoAEBwAEB&sclient=gws-wiz-local#,Rotas,
Plurale Odontologia Avançada,Nenhum comentário · Clínica odontológica,,,"R. Espírito Santo, 1204 - sl 701 · (31) 3213-0145",Aberto ⋅ Fecha às 19:00,https://plurale-odontologia-avancada.negocio.site/?utm_source=gmb&utm_medium=referral,Site,https://www.google.com/search?q=clinicas+de+odontologia+belo+horizonte&rlz=1C1GCEA_enBR1017BR1017&biw=1366&bih=625&tbm=lcl&sxsrf=APwXEde1B3e180ofg50QB1GRyvbiaOHs1A%3A1682356107364&ei=i7dGZILzFZ7c5OUPiIaGuAY&ved=0ahUKEwjC5KjxgMP-AhUeLrkGHQiDAWcQ4dUDCAk&uact=5&oq=clinicas+de+odontologia+belo+horizonte&gs_lcp=Cg1nd3Mtd2l6LWxvY2FsEAMyBAgjECdQ4AVY3A1gzA5oAHAAeACAAZYCiAHDEZIBBTAuMy43mAEAoAEBwAEB&sclient=gws-wiz-local#,Rotas,https://www.instagram.com/pluraleodonto/
Clínica Odontológica Rafael Miarelli,· Clínica odontológica,"4,2",(94),"Rua dos Guajajaras, 977 - 5° andar · (31) 3291-9052",Aberto ⋅ Fecha às 20:00,http://rmiarelli.com.br/,Site,https://www.google.com/search?q=clinicas+de+odontologia+belo+horizonte&rlz=1C1GCEA_enBR1017BR1017&biw=1366&bih=625&tbm=lcl&sxsrf=APwXEde1B3e180ofg50QB1GRyvbiaOHs1A%3A1682356107364&ei=i7dGZILzFZ7c5OUPiIaGuAY&ved=0ahUKEwjC5KjxgMP-AhUeLrkGHQiDAWcQ4dUDCAk&uact=5&oq=clinicas+de+odontologia+belo+horizonte&gs_lcp=Cg1nd3Mtd2l6LWxvY2FsEAMyBAgjECdQ4AVY3A1gzA5oAHAAeACAAZYCiAHDEZIBBTAuMy43mAEAoAEBwAEB&sclient=gws-wiz-local#,Rotas,
Implante Dentário | Santé Clínica Odontológica | Dentista em Santo Agostinho - BH,· Clínica de implante dentário,"4,9",(169),"R. Martim de Carvalho, 723 - Sala 603 · (31) 98252-3030",Aberto ⋅ Fecha às 19:00,https://www.clinicaodontologicasante.com.br/,Site,https://www.google.com/search?q=clinicas+de+odontologia+belo+horizonte&rlz=1C1GCEA_enBR1017BR1017&biw=1366&bih=625&tbm=lcl&sxsrf=APwXEde1B3e180ofg50QB1GRyvbiaOHs1A%3A1682356107364&ei=i7dGZILzFZ7c5OUPiIaGuAY&ved=0ahUKEwjC5KjxgMP-AhUeLrkGHQiDAWcQ4dUDCAk&uact=5&oq=clinicas+de+odontologia+belo+horizonte&gs_lcp=Cg1nd3Mtd2l6LWxvY2FsEAMyBAgjECdQ4AVY3A1gzA5oAHAAeACAAZYCiAHDEZIBBTAuMy43mAEAoAEBwAEB&sclient=gws-wiz-local#,Rotas,
Odonto Light,· Clínica odontológica,"4,6",(70),"Av. Getúlio Vargas, 887 - sala 902 · (31) 3227-3148",Aberto ⋅ Fecha às 20:00,http://www.odontolightbh.com.br/,Site,https://www.google.com/search?q=clinicas+de+odontologia+belo+horizonte&rlz=1C1GCEA_enBR1017BR1017&biw=1366&bih=625&tbm=lcl&sxsrf=APwXEde1B3e180ofg50QB1GRyvbiaOHs1A%3A1682356107364&ei=i7dGZILzFZ7c5OUPiIaGuAY&ved=0ahUKEwjC5KjxgMP-AhUeLrkGHQiDAWcQ4dUDCAk&uact=5&oq=clinicas+de+odontologia+belo+horizonte&gs_lcp=Cg1nd3Mtd2l6LWxvY2FsEAMyBAgjECdQ4AVY3A1gzA5oAHAAeACAAZYCiAHDEZIBBTAuMy43mAEAoAEBwAEB&sclient=gws-wiz-local#,Rotas,
Alegro Clínica Odontológica,· Clínica odontológica,"4,9",(335),"Av. Afonso Pena, 732 · (31) 3271-4434",Aberto ⋅ Fecha às 19:00,https://alegroclinica.com.br/,Site,https://www.google.com/search?q=clinicas+de+odontologia+belo+horizonte&rlz=1C1GCEA_enBR1017BR1017&biw=1366&bih=625&tbm=lcl&sxsrf=APwXEde1B3e180ofg50QB1GRyvbiaOHs1A%3A1682356107364&ei=i7dGZILzFZ7c5OUPiIaGuAY&ved=0ahUKEwjC5KjxgMP-AhUeLrkGHQiDAWcQ4dUDCAk&uact=5&oq=clinicas+de+odontologia+belo+horizonte&gs_lcp=Cg1nd3Mtd2l6LWxvY2FsEAMyBAgjECdQ4AVY3A1gzA5oAHAAeACAAZYCiAHDEZIBBTAuMy43mAEAoAEBwAEB&sclient=gws-wiz-local#,Rotas,
Clínica do cuidar - Odontologia,· Clínica odontológica,"4,8",(68),"R. Padre Marinho, 49 - sala 1103 · (31) 99283-0780",Aberto ⋅ Fecha às 18:00,,,https://www.google.com/search?q=clinicas+de+odontologia+belo+horizonte&rlz=1C1GCEA_enBR1017BR1017&biw=1366&bih=625&tbm=lcl&sxsrf=APwXEde1B3e180ofg50QB1GRyvbiaOHs1A%3A1682356107364&ei=i7dGZILzFZ7c5OUPiIaGuAY&ved=0ahUKEwjC5KjxgMP-AhUeLrkGHQiDAWcQ4dUDCAk&uact=5&oq=clinicas+de+odontologia+belo+horizonte&gs_lcp=Cg1nd3Mtd2l6LWxvY2FsEAMyBAgjECdQ4AVY3A1gzA5oAHAAeACAAZYCiAHDEZIBBTAuMy43mAEAoAEBwAEB&sclient=gws-wiz-local#,Rotas,
Odonto Excellence,· Clínica odontológica,"2,3",(3),"R. São Paulo, 824 - sala 1108 · (31) 3271-6793",Aberto ⋅ Fecha às 19:30,https://odontoexcellence.com.br/,Site,https://www.google.com/search?q=clinicas+de+odontologia+belo+horizonte&rlz=1C1GCEA_enBR1017BR1017&biw=1366&bih=625&tbm=lcl&sxsrf=APwXEde1B3e180ofg50QB1GRyvbiaOHs1A%3A1682356107364&ei=i7dGZILzFZ7c5OUPiIaGuAY&ved=0ahUKEwjC5KjxgMP-AhUeLrkGHQiDAWcQ4dUDCAk&uact=5&oq=clinicas+de+odontologia+belo+horizonte&gs_lcp=Cg1nd3Mtd2l6LWxvY2FsEAMyBAgjECdQ4AVY3A1gzA5oAHAAeACAAZYCiAHDEZIBBTAuMy43mAEAoAEBwAEB&sclient=gws-wiz-local#,Rotas,
JT Odontologia Integrada,· Clínica odontológica,"5,0",(58),"R. Pte. Nova, 745 - 1º andar · (31) 99698-7455",Aberto ⋅ Fecha às 18:00,http://www.jtodontologia.com.br/,Site,https://www.google.com/search?q=clinicas+de+odontologia+belo+horizonte&rlz=1C1GCEA_enBR1017BR1017&biw=1366&bih=625&tbm=lcl&sxsrf=APwXEde1B3e180ofg50QB1GRyvbiaOHs1A%3A1682356107364&ei=i7dGZILzFZ7c5OUPiIaGuAY&ved=0ahUKEwjC5KjxgMP-AhUeLrkGHQiDAWcQ4dUDCAk&uact=5&oq=clinicas+de+odontologia+belo+horizonte&gs_lcp=Cg1nd3Mtd2l6LWxvY2FsEAMyBAgjECdQ4AVY3A1gzA5oAHAAeACAAZYCiAHDEZIBBTAuMy43mAEAoAEBwAEB&sclient=gws-wiz-local#,Rotas,https://www.instagram.com/jtodontologia/
Vivace Odontologia,· Clínica odontológica,"5,0",(24),"R. Paulo Brandão, 30 · (31) 2552-1866",Aberto ⋅ Fecha às 18:00,https://www.instagram.com/odontologia.vivace,Site,https://www.google.com/search?q=clinicas+de+odontologia+belo+horizonte&rlz=1C1GCEA_enBR1017BR1017&biw=1366&bih=625&tbm=lcl&sxsrf=APwXEde1B3e180ofg50QB1GRyvbiaOHs1A%3A1682356107364&ei=i7dGZILzFZ7c5OUPiIaGuAY&ved=0ahUKEwjC5KjxgMP-AhUeLrkGHQiDAWcQ4dUDCAk&uact=5&oq=clinicas+de+odontologia+belo+horizonte&gs_lcp=Cg1nd3Mtd2l6LWxvY2FsEAMyBAgjECdQ4AVY3A1gzA5oAHAAeACAAZYCiAHDEZIBBTAuMy43mAEAoAEBwAEB&sclient=gws-wiz-local#,Rotas,https://www.instagram.com/odontologia.vivace
Odontophlus,· Clínica odontológica,"4,1",(10),"Rua dos Tupis, 435 - 3º Andar · (31) 3222-8424",Aberto ⋅ Fecha às 18:00,http://www.odontophlus.com.br/,Site,https://www.google.com/search?q=clinicas+de+odontologia+belo+horizonte&rlz=1C1GCEA_enBR1017BR1017&biw=1366&bih=625&tbm=lcl&sxsrf=APwXEde1B3e180ofg50QB1GRyvbiaOHs1A%3A1682356107364&ei=i7dGZILzFZ7c5OUPiIaGuAY&ved=0ahUKEwjC5KjxgMP-AhUeLrkGHQiDAWcQ4dUDCAk&uact=5&oq=clinicas+de+odontologia+belo+horizonte&gs_lcp=Cg1nd3Mtd2l6LWxvY2FsEAMyBAgjECdQ4AVY3A1gzA5oAHAAeACAAZYCiAHDEZIBBTAuMy43mAEAoAEBwAEB&sclient=gws-wiz-local#,Rotas,
Áurea Odontologia,· Clínica odontológica,"4,7",(80),"Av. dos Andradas, 3323 - Sala 1010 · (31) 3274-3101",Aberto ⋅ Fecha às 18:00,http://www.aureaodontobh.com.br/,Site,https://www.google.com/search?q=clinicas+de+odontologia+belo+horizonte&rlz=1C1GCEA_enBR1017BR1017&biw=1366&bih=625&tbm=lcl&sxsrf=APwXEde1B3e180ofg50QB1GRyvbiaOHs1A%3A1682356107364&ei=i7dGZILzFZ7c5OUPiIaGuAY&ved=0ahUKEwjC5KjxgMP-AhUeLrkGHQiDAWcQ4dUDCAk&uact=5&oq=clinicas+de+odontologia+belo+horizonte&gs_lcp=Cg1nd3Mtd2l6LWxvY2FsEAMyBAgjECdQ4AVY3A1gzA5oAHAAeACAAZYCiAHDEZIBBTAuMy43mAEAoAEBwAEB&sclient=gws-wiz-local#,Rotas,
,,,,,,,,,,
,,,,,,,,,,
AR Odontologia,· Clínica odontológica,"3,6",(148),"Avenida Brasil 1714, sala 601 · (31) 4102-0700",Aberto ⋅ Fecha às 19:00,https://www.googleadservices.com/pagead/aclk?sa=L&ai=DChcSEwjb16qyh8P-AhU8QUgAHZCqBgsYABAAGgJjZQ&ohost=www.google.com&cid=CAESa-D2WD5Q7e8nuAQc8FlQUUHjlwz4o6Ff81vuusOXLQpsVwXODKjZ7tE8jTfnaYqNaKvlw_xF3yQLj7taQVicaesxwujYbbwMUBRFSB6FVHNo4Q42y4D0j3iSpTJT8uZ9pSOZwJsaZgVv4MDV&sig=AOD64_3QU_6SC-5F16NM_rNwwUztDzBjBQ&q=&ctype=99&ved=2ahUKEwjE-KOyh8P-AhU0IrkGHQO_CnM4FBCErAF6BAgCEA0&adurl=,Site,https://www.google.com/search?q=clinicas+de+odontologia+belo+horizonte&rlz=1C1GCEA_enBR1017BR1017&biw=1366&bih=625&tbm=lcl&sxsrf=APwXEde1B3e180ofg50QB1GRyvbiaOHs1A%3A1682356107364&ei=i7dGZILzFZ7c5OUPiIaGuAY&ved=0ahUKEwjC5KjxgMP-AhUeLrkGHQiDAWcQ4dUDCAk&uact=5&oq=clinicas+de+odontologia+belo+horizonte&gs_lcp=Cg1nd3Mtd2l6LWxvY2FsEAMyBAgjECdQ4AVY3A1gzA5oAHAAeACAAZYCiAHDEZIBBTAuMy43mAEAoAEBwAEB&sclient=gws-wiz-local#,Rotas,https://www.instagram.com/alyssonresende/?hl=pt-br
Stories odontologia,· Clínica odontológica,"4,5",(246),"Rua dos Carijós, 408 · (31) 3090-3346",Aberto ⋅ Fecha às 18:00,https://stories-odontologia.negocio.site/?utm_source=gmb&utm_medium=referral,Site,https://www.google.com/search?q=clinicas+de+odontologia+belo+horizonte&rlz=1C1GCEA_enBR1017BR1017&biw=1366&bih=625&tbm=lcl&sxsrf=APwXEde1B3e180ofg50QB1GRyvbiaOHs1A%3A1682356107364&ei=i7dGZILzFZ7c5OUPiIaGuAY&ved=0ahUKEwjC5KjxgMP-AhUeLrkGHQiDAWcQ4dUDCAk&uact=5&oq=clinicas+de+odontologia+belo+horizonte&gs_lcp=Cg1nd3Mtd2l6LWxvY2FsEAMyBAgjECdQ4AVY3A1gzA5oAHAAeACAAZYCiAHDEZIBBTAuMy43mAEAoAEBwAEB&sclient=gws-wiz-local#,Rotas,
Lótus Odontologia BH,· Clínica odontológica,"4,5",(53),"Av. Augusto de Lima, 1286 - Sobreloja · (31) 3201-4468",Aberto ⋅ Fecha às 18:00,https://instagram.com/lotusodontologiaoficial?igshid=oe45iwzbuz1e,Site,https://www.google.com/search?q=clinicas+de+odontologia+belo+horizonte&rlz=1C1GCEA_enBR1017BR1017&biw=1366&bih=625&tbm=lcl&sxsrf=APwXEde1B3e180ofg50QB1GRyvbiaOHs1A%3A1682356107364&ei=i7dGZILzFZ7c5OUPiIaGuAY&ved=0ahUKEwjC5KjxgMP-AhUeLrkGHQiDAWcQ4dUDCAk&uact=5&oq=clinicas+de+odontologia+belo+horizonte&gs_lcp=Cg1nd3Mtd2l6LWxvY2FsEAMyBAgjECdQ4AVY3A1gzA5oAHAAeACAAZYCiAHDEZIBBTAuMy43mAEAoAEBwAEB&sclient=gws-wiz-local#,Rotas,https://instagram.com/lotusodontologiaoficial?igshid=oe45iwzbuz1e
Grecco Odontologia,· Clínica odontológica,"5,0",(44),"Rua dos Guajajaras, 910 - 17° andar - sala 1706 · (31) 3267-6565",Aberto ⋅ Fecha às 18:00,https://odonto-grecco-clinica-odontologica.negocio.site/?utm_source=gmb&utm_medium=referral,Site,https://www.google.com/search?q=clinicas+de+odontologia+belo+horizonte&rlz=1C1GCEA_enBR1017BR1017&biw=1366&bih=625&tbm=lcl&sxsrf=APwXEde1B3e180ofg50QB1GRyvbiaOHs1A%3A1682356107364&ei=i7dGZILzFZ7c5OUPiIaGuAY&ved=0ahUKEwjC5KjxgMP-AhUeLrkGHQiDAWcQ4dUDCAk&uact=5&oq=clinicas+de+odontologia+belo+horizonte&gs_lcp=Cg1nd3Mtd2l6LWxvY2FsEAMyBAgjECdQ4AVY3A1gzA5oAHAAeACAAZYCiAHDEZIBBTAuMy43mAEAoAEBwAEB&sclient=gws-wiz-local#,Rotas,
OdontoCompany,· Clínica odontológica,"4,2",(16),"Av. Amazonas, 115 - Loja 204 · (31) 3222-4102",Aberto ⋅ Fecha às 18:00,,,https://www.google.com/search?q=clinicas+de+odontologia+belo+horizonte&rlz=1C1GCEA_enBR1017BR1017&biw=1366&bih=625&tbm=lcl&sxsrf=APwXEde1B3e180ofg50QB1GRyvbiaOHs1A%3A1682356107364&ei=i7dGZILzFZ7c5OUPiIaGuAY&ved=0ahUKEwjC5KjxgMP-AhUeLrkGHQiDAWcQ4dUDCAk&uact=5&oq=clinicas+de+odontologia+belo+horizonte&gs_lcp=Cg1nd3Mtd2l6LWxvY2FsEAMyBAgjECdQ4AVY3A1gzA5oAHAAeACAAZYCiAHDEZIBBTAuMy43mAEAoAEBwAEB&sclient=gws-wiz-local#,Rotas,
Áppia Odontologia Avançada,· Clínica odontológica,"4,4",(26),"Rua dos Timbiras, 2072 · (31) 3274-7969",Aberto ⋅ Fecha às 18:00,,,https://www.google.com/search?q=clinicas+de+odontologia+belo+horizonte&rlz=1C1GCEA_enBR1017BR1017&biw=1366&bih=625&tbm=lcl&sxsrf=APwXEde1B3e180ofg50QB1GRyvbiaOHs1A%3A1682356107364&ei=i7dGZILzFZ7c5OUPiIaGuAY&ved=0ahUKEwjC5KjxgMP-AhUeLrkGHQiDAWcQ4dUDCAk&uact=5&oq=clinicas+de+odontologia+belo+horizonte&gs_lcp=Cg1nd3Mtd2l6LWxvY2FsEAMyBAgjECdQ4AVY3A1gzA5oAHAAeACAAZYCiAHDEZIBBTAuMy43mAEAoAEBwAEB&sclient=gws-wiz-local#,Rotas,
Santiago Odontologia,· Clínica especializada,"4,8",(19),"Rua dos Carijós, 141 - 8o Andar · (31) 99402-0252",Aberto ⋅ Fecha às 18:00,https://www.instagram.com/santiagoodontologia/,Site,https://www.google.com/search?q=clinicas+de+odontologia+belo+horizonte&rlz=1C1GCEA_enBR1017BR1017&biw=1366&bih=625&tbm=lcl&sxsrf=APwXEde1B3e180ofg50QB1GRyvbiaOHs1A%3A1682356107364&ei=i7dGZILzFZ7c5OUPiIaGuAY&ved=0ahUKEwjC5KjxgMP-AhUeLrkGHQiDAWcQ4dUDCAk&uact=5&oq=clinicas+de+odontologia+belo+horizonte&gs_lcp=Cg1nd3Mtd2l6LWxvY2FsEAMyBAgjECdQ4AVY3A1gzA5oAHAAeACAAZYCiAHDEZIBBTAuMy43mAEAoAEBwAEB&sclient=gws-wiz-local#,Rotas,https://www.instagram.com/santiagoodontologia/
Studio Oral Clínica de Odontologia Avançada - Dr. Edson Costa e Dra. Mariana Morsani,Nenhum comentário · Clínica odontológica,,,"R. Bernardo Guimarães, 2717 - sala 903 · (31) 3654-0983",Aberto ⋅ Fecha às 18:00,,,https://www.google.com/search?q=clinicas+de+odontologia+belo+horizonte&rlz=1C1GCEA_enBR1017BR1017&biw=1366&bih=625&tbm=lcl&sxsrf=APwXEde1B3e180ofg50QB1GRyvbiaOHs1A%3A1682356107364&ei=i7dGZILzFZ7c5OUPiIaGuAY&ved=0ahUKEwjC5KjxgMP-AhUeLrkGHQiDAWcQ4dUDCAk&uact=5&oq=clinicas+de+odontologia+belo+horizonte&gs_lcp=Cg1nd3Mtd2l6LWxvY2FsEAMyBAgjECdQ4AVY3A1gzA5oAHAAeACAAZYCiAHDEZIBBTAuMy43mAEAoAEBwAEB&sclient=gws-wiz-local#,Rotas,
Cliden Clínica Dentária,· Clínica odontológica,"2,4",(96),"Av. Afonso Pena, 748 - CJ 1913 · (31) 3207-5500",Aberto ⋅ Fecha às 18:00,,,https://www.google.com/search?q=clinicas+de+odontologia+belo+horizonte&rlz=1C1GCEA_enBR1017BR1017&biw=1366&bih=625&tbm=lcl&sxsrf=APwXEde1B3e180ofg50QB1GRyvbiaOHs1A%3A1682356107364&ei=i7dGZILzFZ7c5OUPiIaGuAY&ved=0ahUKEwjC5KjxgMP-AhUeLrkGHQiDAWcQ4dUDCAk&uact=5&oq=clinicas+de+odontologia+belo+horizonte&gs_lcp=Cg1nd3Mtd2l6LWxvY2FsEAMyBAgjECdQ4AVY3A1gzA5oAHAAeACAAZYCiAHDEZIBBTAuMy43mAEAoAEBwAEB&sclient=gws-wiz-local#,Rotas,
Núcleo Odontológico Alliance (NOA),· Clínica odontológica,"4,6",(85),"Avenida Afonso Pena, 952 - Conj. Salas 619 · (31) 3222-6800",Aberto ⋅ Fecha às 18:30,http://www.noalliance.com.br/,Site,https://www.google.com/search?q=clinicas+de+odontologia+belo+horizonte&rlz=1C1GCEA_enBR1017BR1017&biw=1366&bih=625&tbm=lcl&sxsrf=APwXEde1B3e180ofg50QB1GRyvbiaOHs1A%3A1682356107364&ei=i7dGZILzFZ7c5OUPiIaGuAY&ved=0ahUKEwjC5KjxgMP-AhUeLrkGHQiDAWcQ4dUDCAk&uact=5&oq=clinicas+de+odontologia+belo+horizonte&gs_lcp=Cg1nd3Mtd2l6LWxvY2FsEAMyBAgjECdQ4AVY3A1gzA5oAHAAeACAAZYCiAHDEZIBBTAuMy43mAEAoAEBwAEB&sclient=gws-wiz-local#,Rotas,
Drummond Gusmão,· Clínica odontológica,"4,4",(53),"Av. Augusto de Lima, 479 - Sala 1907 · (31) 2520-7030",Aberto ⋅ Fecha às 18:00,http://degodontologia.com.br/,Site,https://www.google.com/search?q=clinicas+de+odontologia+belo+horizonte&rlz=1C1GCEA_enBR1017BR1017&biw=1366&bih=625&tbm=lcl&sxsrf=APwXEde1B3e180ofg50QB1GRyvbiaOHs1A%3A1682356107364&ei=i7dGZILzFZ7c5OUPiIaGuAY&ved=0ahUKEwjC5KjxgMP-AhUeLrkGHQiDAWcQ4dUDCAk&uact=5&oq=clinicas+de+odontologia+belo+horizonte&gs_lcp=Cg1nd3Mtd2l6LWxvY2FsEAMyBAgjECdQ4AVY3A1gzA5oAHAAeACAAZYCiAHDEZIBBTAuMy43mAEAoAEBwAEB&sclient=gws-wiz-local#,Rotas,
CLÍNICA ODONT,· Dentista,"4,5",(25),"Rua Grão Mogol, 64 - Carmo Carmo",Aberto ⋅ Fecha às 18:00,https://clinicaodont.negocio.site/?utm_source=gmb&utm_medium=referral,Site,https://www.google.com/search?q=clinicas+de+odontologia+belo+horizonte&rlz=1C1GCEA_enBR1017BR1017&biw=1366&bih=625&tbm=lcl&sxsrf=APwXEde1B3e180ofg50QB1GRyvbiaOHs1A%3A1682356107364&ei=i7dGZILzFZ7c5OUPiIaGuAY&ved=0ahUKEwjC5KjxgMP-AhUeLrkGHQiDAWcQ4dUDCAk&uact=5&oq=clinicas+de+odontologia+belo+horizonte&gs_lcp=Cg1nd3Mtd2l6LWxvY2FsEAMyBAgjECdQ4AVY3A1gzA5oAHAAeACAAZYCiAHDEZIBBTAuMy43mAEAoAEBwAEB&sclient=gws-wiz-local#,Rotas,
OdontoBHZ,· Clínica odontológica,"4,8",(127),"R. Espírito Santo, 433 - Sobreloja · (31) 3222-5544",Aberto ⋅ Fecha às 18:00,https://www.instagram.com/clinica.odontobhz/,Site,https://www.google.com/search?q=clinicas+de+odontologia+belo+horizonte&rlz=1C1GCEA_enBR1017BR1017&biw=1366&bih=625&tbm=lcl&sxsrf=APwXEde1B3e180ofg50QB1GRyvbiaOHs1A%3A1682356107364&ei=i7dGZILzFZ7c5OUPiIaGuAY&ved=0ahUKEwjC5KjxgMP-AhUeLrkGHQiDAWcQ4dUDCAk&uact=5&oq=clinicas+de+odontologia+belo+horizonte&gs_lcp=Cg1nd3Mtd2l6LWxvY2FsEAMyBAgjECdQ4AVY3A1gzA5oAHAAeACAAZYCiAHDEZIBBTAuMy43mAEAoAEBwAEB&sclient=gws-wiz-local#,Rotas,https://www.instagram.com/clinica.odontobhz/
Odonto Master BH,· Clínica odontológica,"3,6",(17),"Av. Afonso Pena, 748 - 1712 · (31) 3201-3672",Aberto ⋅ Fecha às 18:00,https://odontomasterbh.negocio.site/?utm_source=gmb&utm_medium=referral,Site,https://www.google.com/search?q=clinicas+de+odontologia+belo+horizonte&rlz=1C1GCEA_enBR1017BR1017&biw=1366&bih=625&tbm=lcl&sxsrf=APwXEde1B3e180ofg50QB1GRyvbiaOHs1A%3A1682356107364&ei=i7dGZILzFZ7c5OUPiIaGuAY&ved=0ahUKEwjC5KjxgMP-AhUeLrkGHQiDAWcQ4dUDCAk&uact=5&oq=clinicas+de+odontologia+belo+horizonte&gs_lcp=Cg1nd3Mtd2l6LWxvY2FsEAMyBAgjECdQ4AVY3A1gzA5oAHAAeACAAZYCiAHDEZIBBTAuMy43mAEAoAEBwAEB&sclient=gws-wiz-local#,Rotas,
Clínica Odontológica Impianto,· Clínica odontológica,"4,3",(107),"Av. Francisco Sales, 1447 · (31) 3241-0965",Aberto ⋅ Fecha às 19:00,https://clinicaimpianto.com.br/,Site,https://www.google.com/search?q=clinicas+de+odontologia+belo+horizonte&rlz=1C1GCEA_enBR1017BR1017&biw=1366&bih=625&tbm=lcl&sxsrf=APwXEde1B3e180ofg50QB1GRyvbiaOHs1A%3A1682356107364&ei=i7dGZILzFZ7c5OUPiIaGuAY&ved=0ahUKEwjC5KjxgMP-AhUeLrkGHQiDAWcQ4dUDCAk&uact=5&oq=clinicas+de+odontologia+belo+horizonte&gs_lcp=Cg1nd3Mtd2l6LWxvY2FsEAMyBAgjECdQ4AVY3A1gzA5oAHAAeACAAZYCiAHDEZIBBTAuMy43mAEAoAEBwAEB&sclient=gws-wiz-local#,Rotas,
Clínica Odontológica - Le Rire Odontologia,· Clínica odontológica,"5,0",(4),"R. Antônio de Albuquerque, 796 · (31) 97257-2820",Aberto ⋅ Fecha às 17:00,http://www.instagram.com/odontolerire/,Site,https://www.google.com/search?q=clinicas+de+odontologia+belo+horizonte&rlz=1C1GCEA_enBR1017BR1017&biw=1366&bih=625&tbm=lcl&sxsrf=APwXEde1B3e180ofg50QB1GRyvbiaOHs1A%3A1682356107364&ei=i7dGZILzFZ7c5OUPiIaGuAY&ved=0ahUKEwjC5KjxgMP-AhUeLrkGHQiDAWcQ4dUDCAk&uact=5&oq=clinicas+de+odontologia+belo+horizonte&gs_lcp=Cg1nd3Mtd2l6LWxvY2FsEAMyBAgjECdQ4AVY3A1gzA5oAHAAeACAAZYCiAHDEZIBBTAuMy43mAEAoAEBwAEB&sclient=gws-wiz-local#,Rotas,http://www.instagram.com/odontolerire/
Clínica Biodonto - Reabilitação Oral,· Clínica odontológica,"4,5",(13),"Av. Bias Fortes, 924 · (31) 2528-9400",Aberto ⋅ Fecha às 18:00,,,https://www.google.com/search?q=clinicas+de+odontologia+belo+horizonte&rlz=1C1GCEA_enBR1017BR1017&biw=1366&bih=625&tbm=lcl&sxsrf=APwXEde1B3e180ofg50QB1GRyvbiaOHs1A%3A1682356107364&ei=i7dGZILzFZ7c5OUPiIaGuAY&ved=0ahUKEwjC5KjxgMP-AhUeLrkGHQiDAWcQ4dUDCAk&uact=5&oq=clinicas+de+odontologia+belo+horizonte&gs_lcp=Cg1nd3Mtd2l6LWxvY2FsEAMyBAgjECdQ4AVY3A1gzA5oAHAAeACAAZYCiAHDEZIBBTAuMy43mAEAoAEBwAEB&sclient=gws-wiz-local#,Rotas,
Odonto Lourdes,· Clínica odontológica,"5,0",(35),"R. Santa Catarina, 1627 - Sala 1305 · (31) 2531-0197",Aberto ⋅ Fecha às 18:00,https://www.instagram.com/odonto.lourdes/,Site,https://www.google.com/search?q=clinicas+de+odontologia+belo+horizonte&rlz=1C1GCEA_enBR1017BR1017&biw=1366&bih=625&tbm=lcl&sxsrf=APwXEde1B3e180ofg50QB1GRyvbiaOHs1A%3A1682356107364&ei=i7dGZILzFZ7c5OUPiIaGuAY&ved=0ahUKEwjC5KjxgMP-AhUeLrkGHQiDAWcQ4dUDCAk&uact=5&oq=clinicas+de+odontologia+belo+horizonte&gs_lcp=Cg1nd3Mtd2l6LWxvY2FsEAMyBAgjECdQ4AVY3A1gzA5oAHAAeACAAZYCiAHDEZIBBTAuMy43mAEAoAEBwAEB&sclient=gws-wiz-local#,Rotas,https://www.instagram.com/odonto.lourdes/
Sorriso Saúde,· Clínica odontológica,"5,0",(9),"Rua dos Tupis, 185 - sala 1802 · (31) 99351-0462",Aberto ⋅ Fecha às 18:30,http://api.whatsapp.com/send?phone=553193510462,Site,https://www.google.com/search?q=clinicas+de+odontologia+belo+horizonte&rlz=1C1GCEA_enBR1017BR1017&biw=1366&bih=625&tbm=lcl&sxsrf=APwXEde1B3e180ofg50QB1GRyvbiaOHs1A%3A1682356107364&ei=i7dGZILzFZ7c5OUPiIaGuAY&ved=0ahUKEwjC5KjxgMP-AhUeLrkGHQiDAWcQ4dUDCAk&uact=5&oq=clinicas+de+odontologia+belo+horizonte&gs_lcp=Cg1nd3Mtd2l6LWxvY2FsEAMyBAgjECdQ4AVY3A1gzA5oAHAAeACAAZYCiAHDEZIBBTAuMy43mAEAoAEBwAEB&sclient=gws-wiz-local#,Rotas,
STATUS ODONTOLOGIA,· Clínica odontológica,"3,7",(9),"Rua dos Tupis, 25 - 230 · (31) 3267-6565",Aberto agora,,,https://www.google.com/search?q=clinicas+de+odontologia+belo+horizonte&rlz=1C1GCEA_enBR1017BR1017&biw=1366&bih=625&tbm=lcl&sxsrf=APwXEde1B3e180ofg50QB1GRyvbiaOHs1A%3A1682356107364&ei=i7dGZILzFZ7c5OUPiIaGuAY&ved=0ahUKEwjC5KjxgMP-AhUeLrkGHQiDAWcQ4dUDCAk&uact=5&oq=clinicas+de+odontologia+belo+horizonte&gs_lcp=Cg1nd3Mtd2l6LWxvY2FsEAMyBAgjECdQ4AVY3A1gzA5oAHAAeACAAZYCiAHDEZIBBTAuMy43mAEAoAEBwAEB&sclient=gws-wiz-local#,Rotas,
Clínica Odontológica Barreiro,· Clínica odontológica,"3,3",(30),"R. Cruzeiro do Sul, 989 · (31) 3336-0470",Aberto ⋅ Fecha às 18:00,,,https://www.google.com/search?q=clinicas+de+odontologia+belo+horizonte&rlz=1C1GCEA_enBR1017BR1017&biw=1366&bih=625&tbm=lcl&sxsrf=APwXEde1B3e180ofg50QB1GRyvbiaOHs1A%3A1682356107364&ei=i7dGZILzFZ7c5OUPiIaGuAY&ved=0ahUKEwjC5KjxgMP-AhUeLrkGHQiDAWcQ4dUDCAk&uact=5&oq=clinicas+de+odontologia+belo+horizonte&gs_lcp=Cg1nd3Mtd2l6LWxvY2FsEAMyBAgjECdQ4AVY3A1gzA5oAHAAeACAAZYCiAHDEZIBBTAuMy43mAEAoAEBwAEB&sclient=gws-wiz-local#,Rotas,
AR Odontologia,· Clínica odontológica,"3,6",(148),"Avenida Brasil 1714, sala 601 · (31) 4102-0700",Aberto ⋅ Fecha às 19:00,https://www.googleadservices.com/pagead/aclk?sa=L&ai=DChcSEwiOkMa4h8P-AhVbT0gAHdPBAm0YABAAGgJjZQ&ohost=www.google.com&cid=CAESa-D2xO1jWfpqIsFvQHvhRhXeZsrehv-oyKpOzQlZwpDYEyE--4G4dDdd82J-OQmW6NjK3TqQCIhJUHeNE155UaaYgIa6QQjUrRjXRqZnsJnfLY-fuF0rmE_OQl1f7wQf2LJrJBDSk3tgEuSC&sig=AOD64_1jeWakoGkrLLUX9cNaCtqv6DUDzQ&q=&ctype=99&ved=2ahUKEwjM4L-4h8P-AhUhBNQKHYCrDxc4KBCErAF6BAgBEA0&adurl=,Site,https://www.google.com/search?q=clinicas+de+odontologia+belo+horizonte&rlz=1C1GCEA_enBR1017BR1017&biw=1366&bih=625&tbm=lcl&sxsrf=APwXEde1B3e180ofg50QB1GRyvbiaOHs1A%3A1682356107364&ei=i7dGZILzFZ7c5OUPiIaGuAY&ved=0ahUKEwjC5KjxgMP-AhUeLrkGHQiDAWcQ4dUDCAk&uact=5&oq=clinicas+de+odontologia+belo+horizonte&gs_lcp=Cg1nd3Mtd2l6LWxvY2FsEAMyBAgjECdQ4AVY3A1gzA5oAHAAeACAAZYCiAHDEZIBBTAuMy43mAEAoAEBwAEB&sclient=gws-wiz-local#,Rotas,https://www.instagram.com/alyssonresende/?hl=pt-br
OdontoClin Clínica Odontológica,· Clínica odontológica,"4,8",(32),"Rua dos Caetés, 252 · (31) 3226-9213",Aberto ⋅ Fecha às 18:00,,,https://www.google.com/search?q=clinicas+de+odontologia+belo+horizonte&rlz=1C1GCEA_enBR1017BR1017&biw=1366&bih=625&tbm=lcl&sxsrf=APwXEde1B3e180ofg50QB1GRyvbiaOHs1A%3A1682356107364&ei=i7dGZILzFZ7c5OUPiIaGuAY&ved=0ahUKEwjC5KjxgMP-AhUeLrkGHQiDAWcQ4dUDCAk&uact=5&oq=clinicas+de+odontologia+belo+horizonte&gs_lcp=Cg1nd3Mtd2l6LWxvY2FsEAMyBAgjECdQ4AVY3A1gzA5oAHAAeACAAZYCiAHDEZIBBTAuMy43mAEAoAEBwAEB&sclient=gws-wiz-local#,Rotas,
Ceof BH,· Clínica odontológica,"4,9",(154),"ED. CLAUDINO - R. dos Tamóios, 666 - sl 402 e 404 · (31) 3201-3340",Aberto ⋅ Fecha às 18:00,https://conteudo.redeodonto.com.br/rede-odonto-ceof-bh,Site,https://www.google.com/search?q=clinicas+de+odontologia+belo+horizonte&rlz=1C1GCEA_enBR1017BR1017&biw=1366&bih=625&tbm=lcl&sxsrf=APwXEde1B3e180ofg50QB1GRyvbiaOHs1A%3A1682356107364&ei=i7dGZILzFZ7c5OUPiIaGuAY&ved=0ahUKEwjC5KjxgMP-AhUeLrkGHQiDAWcQ4dUDCAk&uact=5&oq=clinicas+de+odontologia+belo+horizonte&gs_lcp=Cg1nd3Mtd2l6LWxvY2FsEAMyBAgjECdQ4AVY3A1gzA5oAHAAeACAAZYCiAHDEZIBBTAuMy43mAEAoAEBwAEB&sclient=gws-wiz-local#,Rotas,https://www.instagram.com/ceof.bh/
Clínica Odontológica Implanprime,· Clínica odontológica,"4,6",(99),"Av. do Contorno, 4106 · (31) 3656-8885",Aberto ⋅ Fecha às 18:00,http://www.implanprime.com.br/,Site,https://www.google.com/search?q=clinicas+de+odontologia+belo+horizonte&rlz=1C1GCEA_enBR1017BR1017&biw=1366&bih=625&tbm=lcl&sxsrf=APwXEde1B3e180ofg50QB1GRyvbiaOHs1A%3A1682356107364&ei=i7dGZILzFZ7c5OUPiIaGuAY&ved=0ahUKEwjC5KjxgMP-AhUeLrkGHQiDAWcQ4dUDCAk&uact=5&oq=clinicas+de+odontologia+belo+horizonte&gs_lcp=Cg1nd3Mtd2l6LWxvY2FsEAMyBAgjECdQ4AVY3A1gzA5oAHAAeACAAZYCiAHDEZIBBTAuMy43mAEAoAEBwAEB&sclient=gws-wiz-local#,Rotas,
PANDOLA ODONTOLOGIA - BH,· Clínica odontológica,"5,0",(39),"Av. Bernardo de Vasconcelos, 2232 - LJ 7 · (31) 99305-5226",Aberto ⋅ Fecha às 18:00,https://instagram.com/pandolaodontologia?utm_medium=copy_link,Site,https://www.google.com/search?q=clinicas+de+odontologia+belo+horizonte&rlz=1C1GCEA_enBR1017BR1017&biw=1366&bih=625&tbm=lcl&sxsrf=APwXEde1B3e180ofg50QB1GRyvbiaOHs1A%3A1682356107364&ei=i7dGZILzFZ7c5OUPiIaGuAY&ved=0ahUKEwjC5KjxgMP-AhUeLrkGHQiDAWcQ4dUDCAk&uact=5&oq=clinicas+de+odontologia+belo+horizonte&gs_lcp=Cg1nd3Mtd2l6LWxvY2FsEAMyBAgjECdQ4AVY3A1gzA5oAHAAeACAAZYCiAHDEZIBBTAuMy43mAEAoAEBwAEB&sclient=gws-wiz-local#,Rotas,https://instagram.com/pandolaodontologia?utm_medium=copy_link
Clínica Odontológica Alamin Naves,· Clínica odontológica,"5,0",(16),"Av. Cristóvão Colombo, 59 · (31) 3281-5576",Aberto ⋅ Fecha às 18:00,https://alaminnaves.com.br/,Site,https://www.google.com/search?q=clinicas+de+odontologia+belo+horizonte&rlz=1C1GCEA_enBR1017BR1017&biw=1366&bih=625&tbm=lcl&sxsrf=APwXEde1B3e180ofg50QB1GRyvbiaOHs1A%3A1682356107364&ei=i7dGZILzFZ7c5OUPiIaGuAY&ved=0ahUKEwjC5KjxgMP-AhUeLrkGHQiDAWcQ4dUDCAk&uact=5&oq=clinicas+de+odontologia+belo+horizonte&gs_lcp=Cg1nd3Mtd2l6LWxvY2FsEAMyBAgjECdQ4AVY3A1gzA5oAHAAeACAAZYCiAHDEZIBBTAuMy43mAEAoAEBwAEB&sclient=gws-wiz-local#,Rotas,
Naves - Unidade 01,· Clínica odontológica,"4,3",(11),"R. Rio de Janeiro, 242 - 2º andar · (31) 3226-6955",Aberto ⋅ Fecha às 19:00,,,https://www.google.com/search?q=clinicas+de+odontologia+belo+horizonte&rlz=1C1GCEA_enBR1017BR1017&biw=1366&bih=625&tbm=lcl&sxsrf=APwXEde1B3e180ofg50QB1GRyvbiaOHs1A%3A1682356107364&ei=i7dGZILzFZ7c5OUPiIaGuAY&ved=0ahUKEwjC5KjxgMP-AhUeLrkGHQiDAWcQ4dUDCAk&uact=5&oq=clinicas+de+odontologia+belo+horizonte&gs_lcp=Cg1nd3Mtd2l6LWxvY2FsEAMyBAgjECdQ4AVY3A1gzA5oAHAAeACAAZYCiAHDEZIBBTAuMy43mAEAoAEBwAEB&sclient=gws-wiz-local#,Rotas,
Odontosaud,· Clínica odontológica,"5,0",(12),"Av. Presidente Carlos Luz, 395 · (31) 3665-4979",Aberto ⋅ Fecha às 19:00,https://www.instagram.com/odontosaud/,Site,https://www.google.com/search?q=clinicas+de+odontologia+belo+horizonte&rlz=1C1GCEA_enBR1017BR1017&biw=1366&bih=625&tbm=lcl&sxsrf=APwXEde1B3e180ofg50QB1GRyvbiaOHs1A%3A1682356107364&ei=i7dGZILzFZ7c5OUPiIaGuAY&ved=0ahUKEwjC5KjxgMP-AhUeLrkGHQiDAWcQ4dUDCAk&uact=5&oq=clinicas+de+odontologia+belo+horizonte&gs_lcp=Cg1nd3Mtd2l6LWxvY2FsEAMyBAgjECdQ4AVY3A1gzA5oAHAAeACAAZYCiAHDEZIBBTAuMy43mAEAoAEBwAEB&sclient=gws-wiz-local#,Rotas,https://www.instagram.com/odontosaud/
Cliníca Odontológica Sorria Saúde,· Clínica odontológica,"5,0",(3),"Magazineluiza - R. Curitiba, 786 -12 andar / Edifício Atlantico - Rua da portaria da galeria do ouvidor - De frente a · (31) 3889-8579",Aberto ⋅ Fecha às 18:00,,,https://www.google.com/search?q=clinicas+de+odontologia+belo+horizonte&rlz=1C1GCEA_enBR1017BR1017&biw=1366&bih=625&tbm=lcl&sxsrf=APwXEde1B3e180ofg50QB1GRyvbiaOHs1A%3A1682356107364&ei=i7dGZILzFZ7c5OUPiIaGuAY&ved=0ahUKEwjC5KjxgMP-AhUeLrkGHQiDAWcQ4dUDCAk&uact=5&oq=clinicas+de+odontologia+belo+horizonte&gs_lcp=Cg1nd3Mtd2l6LWxvY2FsEAMyBAgjECdQ4AVY3A1gzA5oAHAAeACAAZYCiAHDEZIBBTAuMy43mAEAoAEBwAEB&sclient=gws-wiz-local#,Rotas,
Odontoclínica Caetés,· Clínica odontológica,"5,0",(6),"Rua dos Caetés, 867 · (31) 3201-2733",Aberto ⋅ Fecha às 19:00,,,https://www.google.com/search?q=clinicas+de+odontologia+belo+horizonte&rlz=1C1GCEA_enBR1017BR1017&biw=1366&bih=625&tbm=lcl&sxsrf=APwXEde1B3e180ofg50QB1GRyvbiaOHs1A%3A1682356107364&ei=i7dGZILzFZ7c5OUPiIaGuAY&ved=0ahUKEwjC5KjxgMP-AhUeLrkGHQiDAWcQ4dUDCAk&uact=5&oq=clinicas+de+odontologia+belo+horizonte&gs_lcp=Cg1nd3Mtd2l6LWxvY2FsEAMyBAgjECdQ4AVY3A1gzA5oAHAAeACAAZYCiAHDEZIBBTAuMy43mAEAoAEBwAEB&sclient=gws-wiz-local#,Rotas,
Dental Clinic - Consultório Odontológico,· Clínica odontológica,"3,6",(26),"R. Oscar Trompowsky, 688 · (31) 3267-4303",Aberto ⋅ Fecha às 18:00,https://www.facebook.com/odontologiadentalclinic/?ref=ts&fref=ts,Site,https://www.google.com/search?q=clinicas+de+odontologia+belo+horizonte&rlz=1C1GCEA_enBR1017BR1017&biw=1366&bih=625&tbm=lcl&sxsrf=APwXEde1B3e180ofg50QB1GRyvbiaOHs1A%3A1682356107364&ei=i7dGZILzFZ7c5OUPiIaGuAY&ved=0ahUKEwjC5KjxgMP-AhUeLrkGHQiDAWcQ4dUDCAk&uact=5&oq=clinicas+de+odontologia+belo+horizonte&gs_lcp=Cg1nd3Mtd2l6LWxvY2FsEAMyBAgjECdQ4AVY3A1gzA5oAHAAeACAAZYCiAHDEZIBBTAuMy43mAEAoAEBwAEB&sclient=gws-wiz-local#,Rotas,
"Oral Unic: Implantes, Clínica Odontológica no São Lucas/MG",· Clínica odontológica,"4,0",(8),"Av. do Contorno, 4117 · (31) 2522-7878",Aberto ⋅ Fecha às 19:00,https://oralunicbelohorizonte.com.br/,Site,https://www.google.com/search?q=clinicas+de+odontologia+belo+horizonte&rlz=1C1GCEA_enBR1017BR1017&biw=1366&bih=625&tbm=lcl&sxsrf=APwXEde1B3e180ofg50QB1GRyvbiaOHs1A%3A1682356107364&ei=i7dGZILzFZ7c5OUPiIaGuAY&ved=0ahUKEwjC5KjxgMP-AhUeLrkGHQiDAWcQ4dUDCAk&uact=5&oq=clinicas+de+odontologia+belo+horizonte&gs_lcp=Cg1nd3Mtd2l6LWxvY2FsEAMyBAgjECdQ4AVY3A1gzA5oAHAAeACAAZYCiAHDEZIBBTAuMy43mAEAoAEBwAEB&sclient=gws-wiz-local#,Rotas,
Uniquebh Odontologia,· Clínica odontológica,"4,0",(1),"R. Sergipe, 625 - 301 · (31) 3213-5365",Aberto ⋅ Fecha às 18:00,http://drbrunostarling.com/,Site,https://www.google.com/search?q=clinicas+de+odontologia+belo+horizonte&rlz=1C1GCEA_enBR1017BR1017&biw=1366&bih=625&tbm=lcl&sxsrf=APwXEde1B3e180ofg50QB1GRyvbiaOHs1A%3A1682356107364&ei=i7dGZILzFZ7c5OUPiIaGuAY&ved=0ahUKEwjC5KjxgMP-AhUeLrkGHQiDAWcQ4dUDCAk&uact=5&oq=clinicas+de+odontologia+belo+horizonte&gs_lcp=Cg1nd3Mtd2l6LWxvY2FsEAMyBAgjECdQ4AVY3A1gzA5oAHAAeACAAZYCiAHDEZIBBTAuMy43mAEAoAEBwAEB&sclient=gws-wiz-local#,Rotas,https://www.instagram.com/dr.brunostarling
M&C odontologia,· Clínica odontológica,"5,0",(11),"Av. Afonso Pena, 262 - sala 811 · (31) 98884-7461",Aberto ⋅ Fecha às 19:00,,,https://www.google.com/search?q=clinicas+de+odontologia+belo+horizonte&rlz=1C1GCEA_enBR1017BR1017&biw=1366&bih=625&tbm=lcl&sxsrf=APwXEde1B3e180ofg50QB1GRyvbiaOHs1A%3A1682356107364&ei=i7dGZILzFZ7c5OUPiIaGuAY&ved=0ahUKEwjC5KjxgMP-AhUeLrkGHQiDAWcQ4dUDCAk&uact=5&oq=clinicas+de+odontologia+belo+horizonte&gs_lcp=Cg1nd3Mtd2l6LWxvY2FsEAMyBAgjECdQ4AVY3A1gzA5oAHAAeACAAZYCiAHDEZIBBTAuMy43mAEAoAEBwAEB&sclient=gws-wiz-local#,Rotas,
Clínica Odontologic,· Clínica odontológica,"5,0",(57),"R. Goiás, 285b · (31) 3222-0320",Aberto ⋅ Fecha às 17:00,,,https://www.google.com/search?q=clinicas+de+odontologia+belo+horizonte&rlz=1C1GCEA_enBR1017BR1017&biw=1366&bih=625&tbm=lcl&sxsrf=APwXEde1B3e180ofg50QB1GRyvbiaOHs1A%3A1682356107364&ei=i7dGZILzFZ7c5OUPiIaGuAY&ved=0ahUKEwjC5KjxgMP-AhUeLrkGHQiDAWcQ4dUDCAk&uact=5&oq=clinicas+de+odontologia+belo+horizonte&gs_lcp=Cg1nd3Mtd2l6LWxvY2FsEAMyBAgjECdQ4AVY3A1gzA5oAHAAeACAAZYCiAHDEZIBBTAuMy43mAEAoAEBwAEB&sclient=gws-wiz-local#,Rotas,
Melhor Odonto,Nenhum comentário · Clínica odontológica,,,"Rua dos Aimorés, 2001 · (31) 3292-5253",,,,https://www.google.com/search?q=clinicas+de+odontologia+belo+horizonte&rlz=1C1GCEA_enBR1017BR1017&biw=1366&bih=625&tbm=lcl&sxsrf=APwXEde1B3e180ofg50QB1GRyvbiaOHs1A%3A1682356107364&ei=i7dGZILzFZ7c5OUPiIaGuAY&ved=0ahUKEwjC5KjxgMP-AhUeLrkGHQiDAWcQ4dUDCAk&uact=5&oq=clinicas+de+odontologia+belo+horizonte&gs_lcp=Cg1nd3Mtd2l6LWxvY2FsEAMyBAgjECdQ4AVY3A1gzA5oAHAAeACAAZYCiAHDEZIBBTAuMy43mAEAoAEBwAEB&sclient=gws-wiz-local#,Rotas,
OdontoBHZ- Unidade Tamoios,· Clínica odontológica,"4,7",(129),"R. dos Tamóios, 434 - 2. piso · (31) 3271-3093",Aberto ⋅ Fecha às 18:00,,,https://www.google.com/search?q=clinicas+de+odontologia+belo+horizonte&rlz=1C1GCEA_enBR1017BR1017&biw=1366&bih=625&tbm=lcl&sxsrf=APwXEde1B3e180ofg50QB1GRyvbiaOHs1A%3A1682356107364&ei=i7dGZILzFZ7c5OUPiIaGuAY&ved=0ahUKEwjC5KjxgMP-AhUeLrkGHQiDAWcQ4dUDCAk&uact=5&oq=clinicas+de+odontologia+belo+horizonte&gs_lcp=Cg1nd3Mtd2l6LWxvY2FsEAMyBAgjECdQ4AVY3A1gzA5oAHAAeACAAZYCiAHDEZIBBTAuMy43mAEAoAEBwAEB&sclient=gws-wiz-local#,Rotas,
Essencial,· Clínica odontológica,"5,0",(26),"Av. Barão Homem de Melo, 2600 - sala 706 · (31) 3586-2514",Aberto ⋅ Fecha às 18:00,https://www.facebook.com/essencialodontologiabh,Site,https://www.google.com/search?q=clinicas+de+odontologia+belo+horizonte&rlz=1C1GCEA_enBR1017BR1017&biw=1366&bih=625&tbm=lcl&sxsrf=APwXEde1B3e180ofg50QB1GRyvbiaOHs1A%3A1682356107364&ei=i7dGZILzFZ7c5OUPiIaGuAY&ved=0ahUKEwjC5KjxgMP-AhUeLrkGHQiDAWcQ4dUDCAk&uact=5&oq=clinicas+de+odontologia+belo+horizonte&gs_lcp=Cg1nd3Mtd2l6LWxvY2FsEAMyBAgjECdQ4AVY3A1gzA5oAHAAeACAAZYCiAHDEZIBBTAuMy43mAEAoAEBwAEB&sclient=gws-wiz-local#,Rotas,
Centro Especializado em Odontologia,· Dentista,"2,7",(3),"Av. Álvares Cabral, 381 · (31) 3332-3492",Aberto ⋅ Fecha às 18:00,,,https://www.google.com/search?q=clinicas+de+odontologia+belo+horizonte&rlz=1C1GCEA_enBR1017BR1017&biw=1366&bih=625&tbm=lcl&sxsrf=APwXEde1B3e180ofg50QB1GRyvbiaOHs1A%3A1682356107364&ei=i7dGZILzFZ7c5OUPiIaGuAY&ved=0ahUKEwjC5KjxgMP-AhUeLrkGHQiDAWcQ4dUDCAk&uact=5&oq=clinicas+de+odontologia+belo+horizonte&gs_lcp=Cg1nd3Mtd2l6LWxvY2FsEAMyBAgjECdQ4AVY3A1gzA5oAHAAeACAAZYCiAHDEZIBBTAuMy43mAEAoAEBwAEB&sclient=gws-wiz-local#,Rotas,
Clínica Odontológica Bio Center,· Clínica odontológica,"5,0",(2),"Rua dos Caetés, 484 · (31) 3222-2059",Aberto ⋅ Fecha às 18:00,,,https://www.google.com/search?q=clinicas+de+odontologia+belo+horizonte&rlz=1C1GCEA_enBR1017BR1017&biw=1366&bih=625&tbm=lcl&sxsrf=APwXEde1B3e180ofg50QB1GRyvbiaOHs1A%3A1682356107364&ei=i7dGZILzFZ7c5OUPiIaGuAY&ved=0ahUKEwjC5KjxgMP-AhUeLrkGHQiDAWcQ4dUDCAk&uact=5&oq=clinicas+de+odontologia+belo+horizonte&gs_lcp=Cg1nd3Mtd2l6LWxvY2FsEAMyBAgjECdQ4AVY3A1gzA5oAHAAeACAAZYCiAHDEZIBBTAuMy43mAEAoAEBwAEB&sclient=gws-wiz-local#,Rotas,
Clioff Consultório Odontológico,· Clínica odontológica,"2,3",(3),"Rua Olinto Magalhães, 850 · (31) 3411-2550",Aberto ⋅ Fecha às 18:00,,,https://www.google.com/search?q=clinicas+de+odontologia+belo+horizonte&rlz=1C1GCEA_enBR1017BR1017&biw=1366&bih=625&tbm=lcl&sxsrf=APwXEde1B3e180ofg50QB1GRyvbiaOHs1A%3A1682356107364&ei=i7dGZILzFZ7c5OUPiIaGuAY&ved=0ahUKEwjC5KjxgMP-AhUeLrkGHQiDAWcQ4dUDCAk&uact=5&oq=clinicas+de+odontologia+belo+horizonte&gs_lcp=Cg1nd3Mtd2l6LWxvY2FsEAMyBAgjECdQ4AVY3A1gzA5oAHAAeACAAZYCiAHDEZIBBTAuMy43mAEAoAEBwAEB&sclient=gws-wiz-local#,Rotas,
Odontologia Avançada Allegro,· Dentista,"5,0",(86),Nova Lima - MG · (31) 3097-0705,Aberto ⋅ Fecha às 18:00,https://www.googleadservices.com/pagead/aclk?sa=L&ai=DChcSEwi2trC7h8P-AhUMJ5EKHWTZCeAYABAHGgJjZQ&ohost=www.google.com&cid=CAESa-D2LdTF22n8wMRyk2oQnroTx1LgWxr8KJ533vmzGQg9VbMTrPKjQC6jfHw88gBVm6vSXyQo2NxitNEWXneLzYR9gAlSTQ4F5GaW3Dvb42z2TnW4iNTcCJ9v1WIsy4pHE2lUXIBceFjm2ZnR&sig=AOD64_1UeVoQfpnE0C57s867U-Z5tImA2A&q=&ctype=99&ved=2ahUKEwjp1Km7h8P-AhWMFbkGHYbZBGw4PBCErAF6BAgBEA0&adurl=,Site,https://www.google.com/search?q=clinicas+de+odontologia+belo+horizonte&rlz=1C1GCEA_enBR1017BR1017&biw=1366&bih=625&tbm=lcl&sxsrf=APwXEde1B3e180ofg50QB1GRyvbiaOHs1A%3A1682356107364&ei=i7dGZILzFZ7c5OUPiIaGuAY&ved=0ahUKEwjC5KjxgMP-AhUeLrkGHQiDAWcQ4dUDCAk&uact=5&oq=clinicas+de+odontologia+belo+horizonte&gs_lcp=Cg1nd3Mtd2l6LWxvY2FsEAMyBAgjECdQ4AVY3A1gzA5oAHAAeACAAZYCiAHDEZIBBTAuMy43mAEAoAEBwAEB&sclient=gws-wiz-local#,Rotas,https://www.instagram.com/odontoallegro/
Clínica Odontológica Dra. Maria Eugenia S. Q. Cançado,· Clínica odontológica,"4,9",(81),"Av. Portugal, 4273 - Sala 405 · (31) 99176-5013",Aberto 24 horas,https://instagram.com/dra.mmeugenia?igshid=39k051wtmobc,Site,https://www.google.com/search?q=clinicas+de+odontologia+belo+horizonte&rlz=1C1GCEA_enBR1017BR1017&biw=1366&bih=625&tbm=lcl&sxsrf=APwXEde1B3e180ofg50QB1GRyvbiaOHs1A%3A1682356107364&ei=i7dGZILzFZ7c5OUPiIaGuAY&ved=0ahUKEwjC5KjxgMP-AhUeLrkGHQiDAWcQ4dUDCAk&uact=5&oq=clinicas+de+odontologia+belo+horizonte&gs_lcp=Cg1nd3Mtd2l6LWxvY2FsEAMyBAgjECdQ4AVY3A1gzA5oAHAAeACAAZYCiAHDEZIBBTAuMy43mAEAoAEBwAEB&sclient=gws-wiz-local#,Rotas,https://instagram.com/dra.mmeugenia?igshid=39k051wtmobc
Horizonte Odontologia,· Clínica odontológica,"4,8",(17),"Av. Augusto de Lima, 1596 - sala 203 · (31) 3972-4305",Aberto ⋅ Fecha às 18:00,https://horizonteodontologia.com.br/,Site,https://www.google.com/search?q=clinicas+de+odontologia+belo+horizonte&rlz=1C1GCEA_enBR1017BR1017&biw=1366&bih=625&tbm=lcl&sxsrf=APwXEde1B3e180ofg50QB1GRyvbiaOHs1A%3A1682356107364&ei=i7dGZILzFZ7c5OUPiIaGuAY&ved=0ahUKEwjC5KjxgMP-AhUeLrkGHQiDAWcQ4dUDCAk&uact=5&oq=clinicas+de+odontologia+belo+horizonte&gs_lcp=Cg1nd3Mtd2l6LWxvY2FsEAMyBAgjECdQ4AVY3A1gzA5oAHAAeACAAZYCiAHDEZIBBTAuMy43mAEAoAEBwAEB&sclient=gws-wiz-local#,Rotas,
Clínica Médica e Odontológica Sempre Vida Carijós,· Clínica odontológica,"2,2",(69),"Rua dos Carijós, 424 - 22º ANDAR, salas 2213 à 2214, PRAÇA 7 · (31) 3271-9725",Aberto ⋅ Fecha às 19:00,http://www.clinicasemprevida.com.br/index.php/atendimento,Site,https://www.google.com/search?q=clinicas+de+odontologia+belo+horizonte&rlz=1C1GCEA_enBR1017BR1017&biw=1366&bih=625&tbm=lcl&sxsrf=APwXEde1B3e180ofg50QB1GRyvbiaOHs1A%3A1682356107364&ei=i7dGZILzFZ7c5OUPiIaGuAY&ved=0ahUKEwjC5KjxgMP-AhUeLrkGHQiDAWcQ4dUDCAk&uact=5&oq=clinicas+de+odontologia+belo+horizonte&gs_lcp=Cg1nd3Mtd2l6LWxvY2FsEAMyBAgjECdQ4AVY3A1gzA5oAHAAeACAAZYCiAHDEZIBBTAuMy43mAEAoAEBwAEB&sclient=gws-wiz-local#,Rotas,
Clínica Odontológica Amorim Eireli,· Cirurgião dentista,"5,0",(2),"Av. Arthur Guimarães, 525 · (31) 3271-5178",Aberto ⋅ Fecha às 18:00,https://clinicaodontologicaamorim.negocio.site/,Site,https://www.google.com/search?q=clinicas+de+odontologia+belo+horizonte&rlz=1C1GCEA_enBR1017BR1017&biw=1366&bih=625&tbm=lcl&sxsrf=APwXEde1B3e180ofg50QB1GRyvbiaOHs1A%3A1682356107364&ei=i7dGZILzFZ7c5OUPiIaGuAY&ved=0ahUKEwjC5KjxgMP-AhUeLrkGHQiDAWcQ4dUDCAk&uact=5&oq=clinicas+de+odontologia+belo+horizonte&gs_lcp=Cg1nd3Mtd2l6LWxvY2FsEAMyBAgjECdQ4AVY3A1gzA5oAHAAeACAAZYCiAHDEZIBBTAuMy43mAEAoAEBwAEB&sclient=gws-wiz-local#,Rotas,
Consultório odontológico Dra Èrica Santos,· Clínica odontológica,"5,0",(1),"R. dos Tamóios, 462 · (31) 99358-2419",Aberto ⋅ Fecha às 17:00,,,https://www.google.com/search?q=clinicas+de+odontologia+belo+horizonte&rlz=1C1GCEA_enBR1017BR1017&biw=1366&bih=625&tbm=lcl&sxsrf=APwXEde1B3e180ofg50QB1GRyvbiaOHs1A%3A1682356107364&ei=i7dGZILzFZ7c5OUPiIaGuAY&ved=0ahUKEwjC5KjxgMP-AhUeLrkGHQiDAWcQ4dUDCAk&uact=5&oq=clinicas+de+odontologia+belo+horizonte&gs_lcp=Cg1nd3Mtd2l6LWxvY2FsEAMyBAgjECdQ4AVY3A1gzA5oAHAAeACAAZYCiAHDEZIBBTAuMy43mAEAoAEBwAEB&sclient=gws-wiz-local#,Rotas,
Clarident,· Clínica odontológica,"4,9",(37),"Av. Paraná, 46 · (31) 3586-0020",Aberto ⋅ Fecha às 18:00,https://claridentbh.com.br/,Site,https://www.google.com/search?q=clinicas+de+odontologia+belo+horizonte&rlz=1C1GCEA_enBR1017BR1017&biw=1366&bih=625&tbm=lcl&sxsrf=APwXEde1B3e180ofg50QB1GRyvbiaOHs1A%3A1682356107364&ei=i7dGZILzFZ7c5OUPiIaGuAY&ved=0ahUKEwjC5KjxgMP-AhUeLrkGHQiDAWcQ4dUDCAk&uact=5&oq=clinicas+de+odontologia+belo+horizonte&gs_lcp=Cg1nd3Mtd2l6LWxvY2FsEAMyBAgjECdQ4AVY3A1gzA5oAHAAeACAAZYCiAHDEZIBBTAuMy43mAEAoAEBwAEB&sclient=gws-wiz-local#,Rotas,
Odonto to go,Nenhum comentário · Clínica odontológica,,,"Edifício Thibau - R. São Paulo, 401 - 4º andar · (31) 97364-3733",Aberto ⋅ Fecha às 17:30,,,https://www.google.com/search?q=clinicas+de+odontologia+belo+horizonte&rlz=1C1GCEA_enBR1017BR1017&biw=1366&bih=625&tbm=lcl&sxsrf=APwXEde1B3e180ofg50QB1GRyvbiaOHs1A%3A1682356107364&ei=i7dGZILzFZ7c5OUPiIaGuAY&ved=0ahUKEwjC5KjxgMP-AhUeLrkGHQiDAWcQ4dUDCAk&uact=5&oq=clinicas+de+odontologia+belo+horizonte&gs_lcp=Cg1nd3Mtd2l6LWxvY2FsEAMyBAgjECdQ4AVY3A1gzA5oAHAAeACAAZYCiAHDEZIBBTAuMy43mAEAoAEBwAEB&sclient=gws-wiz-local#,Rotas,
LW Odontologia,· Clínica odontológica,"5,0",(1),"R. Domingos Vieira, 319",Aberto 24 horas,https://www.pauloazevedo.com.br/,Site,https://www.google.com/search?q=clinicas+de+odontologia+belo+horizonte&rlz=1C1GCEA_enBR1017BR1017&biw=1366&bih=625&tbm=lcl&sxsrf=APwXEde1B3e180ofg50QB1GRyvbiaOHs1A%3A1682356107364&ei=i7dGZILzFZ7c5OUPiIaGuAY&ved=0ahUKEwjC5KjxgMP-AhUeLrkGHQiDAWcQ4dUDCAk&uact=5&oq=clinicas+de+odontologia+belo+horizonte&gs_lcp=Cg1nd3Mtd2l6LWxvY2FsEAMyBAgjECdQ4AVY3A1gzA5oAHAAeACAAZYCiAHDEZIBBTAuMy43mAEAoAEBwAEB&sclient=gws-wiz-local#,Rotas,https://www.instagram.com/labpauloazevedo/
Prime,· Clínica odontológica,"4,9",(43),"Ed. Notre Dame, Av. Álvares Cabral, 374 - sala 1705 · (31) 99332-3039",Aberto ⋅ Fecha às 18:00,http://www.primeodontologia.com.br/,Site,https://www.google.com/search?q=clinicas+de+odontologia+belo+horizonte&rlz=1C1GCEA_enBR1017BR1017&biw=1366&bih=625&tbm=lcl&sxsrf=APwXEde1B3e180ofg50QB1GRyvbiaOHs1A%3A1682356107364&ei=i7dGZILzFZ7c5OUPiIaGuAY&ved=0ahUKEwjC5KjxgMP-AhUeLrkGHQiDAWcQ4dUDCAk&uact=5&oq=clinicas+de+odontologia+belo+horizonte&gs_lcp=Cg1nd3Mtd2l6LWxvY2FsEAMyBAgjECdQ4AVY3A1gzA5oAHAAeACAAZYCiAHDEZIBBTAuMy43mAEAoAEBwAEB&sclient=gws-wiz-local#,Rotas,
Grupo Odontológico Floresta,· Clínica odontológica,"4,9",(110),"R. Pte. Nova, 857 · (31) 3423-0081",Aberto ⋅ Fecha às 19:00,http://www.odontofloresta.com.br/,Site,https://www.google.com/search?q=clinicas+de+odontologia+belo+horizonte&rlz=1C1GCEA_enBR1017BR1017&biw=1366&bih=625&tbm=lcl&sxsrf=APwXEde1B3e180ofg50QB1GRyvbiaOHs1A%3A1682356107364&ei=i7dGZILzFZ7c5OUPiIaGuAY&ved=0ahUKEwjC5KjxgMP-AhUeLrkGHQiDAWcQ4dUDCAk&uact=5&oq=clinicas+de+odontologia+belo+horizonte&gs_lcp=Cg1nd3Mtd2l6LWxvY2FsEAMyBAgjECdQ4AVY3A1gzA5oAHAAeACAAZYCiAHDEZIBBTAuMy43mAEAoAEBwAEB&sclient=gws-wiz-local#,Rotas,https://www.instagram.com/clinicarodrigoalmada/
Sorrídere Clínica Odontológica BH,· Clínica odontológica,"5,0",(19),"Av. Barbacena, 224 · (31) 98406-1671",Aberto ⋅ Fecha às 18:00,,,https://www.google.com/search?q=clinicas+de+odontologia+belo+horizonte&rlz=1C1GCEA_enBR1017BR1017&biw=1366&bih=625&tbm=lcl&sxsrf=APwXEde1B3e180ofg50QB1GRyvbiaOHs1A%3A1682356107364&ei=i7dGZILzFZ7c5OUPiIaGuAY&ved=0ahUKEwjC5KjxgMP-AhUeLrkGHQiDAWcQ4dUDCAk&uact=5&oq=clinicas+de+odontologia+belo+horizonte&gs_lcp=Cg1nd3Mtd2l6LWxvY2FsEAMyBAgjECdQ4AVY3A1gzA5oAHAAeACAAZYCiAHDEZIBBTAuMy43mAEAoAEBwAEB&sclient=gws-wiz-local#,Rotas,
Cisos Odontologia - Unidade Rua dos Guaranis,· Clínica odontológica,"3,7",(43),"Rua dos Guaranis, 457 - Sala 2-3 · (31) 3212-8853",Aberto ⋅ Fecha às 19:00,,,https://www.google.com/search?q=clinicas+de+odontologia+belo+horizonte&rlz=1C1GCEA_enBR1017BR1017&biw=1366&bih=625&tbm=lcl&sxsrf=APwXEde1B3e180ofg50QB1GRyvbiaOHs1A%3A1682356107364&ei=i7dGZILzFZ7c5OUPiIaGuAY&ved=0ahUKEwjC5KjxgMP-AhUeLrkGHQiDAWcQ4dUDCAk&uact=5&oq=clinicas+de+odontologia+belo+horizonte&gs_lcp=Cg1nd3Mtd2l6LWxvY2FsEAMyBAgjECdQ4AVY3A1gzA5oAHAAeACAAZYCiAHDEZIBBTAuMy43mAEAoAEBwAEB&sclient=gws-wiz-local#,Rotas,
Clínica Dra. Barbara Tamyres Odontologia e Estética,· Clínica odontológica,"4,0",(4),"Av. Dr. Cristiano Guimarães, 280 · (31) 3582-6059",Aberto ⋅ Fecha às 18:00,,,https://www.google.com/search?q=clinicas+de+odontologia+belo+horizonte&rlz=1C1GCEA_enBR1017BR1017&biw=1366&bih=625&tbm=lcl&sxsrf=APwXEde1B3e180ofg50QB1GRyvbiaOHs1A%3A1682356107364&ei=i7dGZILzFZ7c5OUPiIaGuAY&ved=0ahUKEwjC5KjxgMP-AhUeLrkGHQiDAWcQ4dUDCAk&uact=5&oq=clinicas+de+odontologia+belo+horizonte&gs_lcp=Cg1nd3Mtd2l6LWxvY2FsEAMyBAgjECdQ4AVY3A1gzA5oAHAAeACAAZYCiAHDEZIBBTAuMy43mAEAoAEBwAEB&sclient=gws-wiz-local#,Rotas,
ImplantsBH Odontológia Facial,· Clínica odontológica,"5,0",(128),"Salas 06/07, Av. Miguel Perrela, 37 · (31) 3786-2166",Aberto ⋅ Fecha às 18:00,http://www.implantsbh.com/,Site,https://www.google.com/search?q=clinicas+de+odontologia+belo+horizonte&rlz=1C1GCEA_enBR1017BR1017&biw=1366&bih=625&tbm=lcl&sxsrf=APwXEde1B3e180ofg50QB1GRyvbiaOHs1A%3A1682356107364&ei=i7dGZILzFZ7c5OUPiIaGuAY&ved=0ahUKEwjC5KjxgMP-AhUeLrkGHQiDAWcQ4dUDCAk&uact=5&oq=clinicas+de+odontologia+belo+horizonte&gs_lcp=Cg1nd3Mtd2l6LWxvY2FsEAMyBAgjECdQ4AVY3A1gzA5oAHAAeACAAZYCiAHDEZIBBTAuMy43mAEAoAEBwAEB&sclient=gws-wiz-local#,Rotas,https://www.instagram.com/implantsbh/
Vívele Odontologia Personalizada,· Clínica odontológica,"5,0",(11),Rua Santa Rita Durão 74 Salas 1201/1202 · (31) 3222-4600,Aberto ⋅ Fecha às 18:00,https://vivele-odontologia-personalizada.negocio.site/?utm_source=gmb&utm_medium=referral,Site,https://www.google.com/search?q=clinicas+de+odontologia+belo+horizonte&rlz=1C1GCEA_enBR1017BR1017&biw=1366&bih=625&tbm=lcl&sxsrf=APwXEde1B3e180ofg50QB1GRyvbiaOHs1A%3A1682356107364&ei=i7dGZILzFZ7c5OUPiIaGuAY&ved=0ahUKEwjC5KjxgMP-AhUeLrkGHQiDAWcQ4dUDCAk&uact=5&oq=clinicas+de+odontologia+belo+horizonte&gs_lcp=Cg1nd3Mtd2l6LWxvY2FsEAMyBAgjECdQ4AVY3A1gzA5oAHAAeACAAZYCiAHDEZIBBTAuMy43mAEAoAEBwAEB&sclient=gws-wiz-local#,Rotas,
"OrthoDontic Clínica Odontológica Belo Horizonte MG, Aparelho Estético Invisível, Clareamento Dental, Canal, Extração Siso",Nenhum comentário · Clínica odontológica,,,"Edificio Lavalle - R. Curitiba, 545 - Sala 801 - 8º Andar · (31) 3201-4343",Aberto ⋅ Fecha às 19:00,https://www.orthodonticbrasil.com.br/clinicas/belo-horizonte-282/,Site,https://www.google.com/search?q=clinicas+de+odontologia+belo+horizonte&rlz=1C1GCEA_enBR1017BR1017&biw=1366&bih=625&tbm=lcl&sxsrf=APwXEde1B3e180ofg50QB1GRyvbiaOHs1A%3A1682356107364&ei=i7dGZILzFZ7c5OUPiIaGuAY&ved=0ahUKEwjC5KjxgMP-AhUeLrkGHQiDAWcQ4dUDCAk&uact=5&oq=clinicas+de+odontologia+belo+horizonte&gs_lcp=Cg1nd3Mtd2l6LWxvY2FsEAMyBAgjECdQ4AVY3A1gzA5oAHAAeACAAZYCiAHDEZIBBTAuMy43mAEAoAEBwAEB&sclient=gws-wiz-local#,Rotas,https://www.instagram.com/orthodontic.br/
Consultórios Odontológicos Santa Catarina,· Clínica odontológica,"4,4",(22),"Rua dos Caetés, 448 - 1° Andar · (31) 3222-7592",Aberto ⋅ Fecha às 18:00,,,https://www.google.com/search?q=clinicas+de+odontologia+belo+horizonte&rlz=1C1GCEA_enBR1017BR1017&biw=1366&bih=625&tbm=lcl&sxsrf=APwXEde1B3e180ofg50QB1GRyvbiaOHs1A%3A1682356107364&ei=i7dGZILzFZ7c5OUPiIaGuAY&ved=0ahUKEwjC5KjxgMP-AhUeLrkGHQiDAWcQ4dUDCAk&uact=5&oq=clinicas+de+odontologia+belo+horizonte&gs_lcp=Cg1nd3Mtd2l6LWxvY2FsEAMyBAgjECdQ4AVY3A1gzA5oAHAAeACAAZYCiAHDEZIBBTAuMy43mAEAoAEBwAEB&sclient=gws-wiz-local#,Rotas,
Clínica KS Odontologia e Saúde,· Clínica especializada,"4,0",(4),"R. São Paulo, 692 - sala 112 · (31) 3090-1234",Aberto ⋅ Fecha às 19:00,,,https://www.google.com/search?q=clinicas+de+odontologia+belo+horizonte&rlz=1C1GCEA_enBR1017BR1017&biw=1366&bih=625&tbm=lcl&sxsrf=APwXEde1B3e180ofg50QB1GRyvbiaOHs1A%3A1682356107364&ei=i7dGZILzFZ7c5OUPiIaGuAY&ved=0ahUKEwjC5KjxgMP-AhUeLrkGHQiDAWcQ4dUDCAk&uact=5&oq=clinicas+de+odontologia+belo+horizonte&gs_lcp=Cg1nd3Mtd2l6LWxvY2FsEAMyBAgjECdQ4AVY3A1gzA5oAHAAeACAAZYCiAHDEZIBBTAuMy43mAEAoAEBwAEB&sclient=gws-wiz-local#,Rotas,
Clínica Pedro Faleiro,· Clínica odontológica,"5,0",(1),"Av. Afonso Pena, 867 - Sl 818 · (31) 99214-7645",Aberto agora,,,https://www.google.com/search?q=clinicas+de+odontologia+belo+horizonte&rlz=1C1GCEA_enBR1017BR1017&biw=1366&bih=625&tbm=lcl&sxsrf=APwXEde1B3e180ofg50QB1GRyvbiaOHs1A%3A1682356107364&ei=i7dGZILzFZ7c5OUPiIaGuAY&ved=0ahUKEwjC5KjxgMP-AhUeLrkGHQiDAWcQ4dUDCAk&uact=5&oq=clinicas+de+odontologia+belo+horizonte&gs_lcp=Cg1nd3Mtd2l6LWxvY2FsEAMyBAgjECdQ4AVY3A1gzA5oAHAAeACAAZYCiAHDEZIBBTAuMy43mAEAoAEBwAEB&sclient=gws-wiz-local#,Rotas,
CLINAP clínica odontológica,· Clínica odontológica,"5,0",(8),"Av. Afonso Pena, 323 - 1°andar · (31) 99210-1390",Aberto ⋅ Fecha às 18:00,,,https://www.google.com/search?q=clinicas+de+odontologia+belo+horizonte&rlz=1C1GCEA_enBR1017BR1017&biw=1366&bih=625&tbm=lcl&sxsrf=APwXEde1B3e180ofg50QB1GRyvbiaOHs1A%3A1682356107364&ei=i7dGZILzFZ7c5OUPiIaGuAY&ved=0ahUKEwjC5KjxgMP-AhUeLrkGHQiDAWcQ4dUDCAk&uact=5&oq=clinicas+de+odontologia+belo+horizonte&gs_lcp=Cg1nd3Mtd2l6LWxvY2FsEAMyBAgjECdQ4AVY3A1gzA5oAHAAeACAAZYCiAHDEZIBBTAuMy43mAEAoAEBwAEB&sclient=gws-wiz-local#,Rotas,
