Razão Social,Endereço e telefone,Site,Instagram
Renata Daros | Odontologia Estética,"R. Rio de Janeiro, 712 · (49) 99955-7173",https://www.instagram.com/renatadaros.odontologia/,https://www.instagram.com/renatadaros.odontologia/
Instituto Boniati de Odontologia,"R. Oswaldo Aranha, 283e · (49) 3322-2530",http://www.boniati.com.br/,
Clinica Odontológica Dra. Carla Tolfo,"Edifício Athenas Rua Barão do Rio Branco, 244-E - sala 05 · (49) 3323-6441",https://clinica-odontologica-dra-carla-tolfo.negocio.site/?utm_source=gmb&utm_medium=referral,
Clínica Dentária Ramos,"R. Minas Gerais, 185 · (49) 3322-1178",,
Clínica Odontológica Pizzato,"R. Mal. Deodoro, 246-E - 1º Andar · (49) 3322-0880",http://www.clinicapizzato.com.br/,
Sorria Chapecó Centro Clínico,"Av. Getúlio Dorneles Vargas, 1015 D · (49) 3199-3157",http://www.sorriachapeco.com.br/,https://www.instagram.com/sorriachapeco/
Santos Prime Odontologia,"R. Barão do Rio Branco, 370 · (49) 3324-4847",https://www.santosprimeodontologia.com.br/,
Dentista Chapecó | Clínica Bandeira Odontologia | Dr. Eduardo Bandeira | Dra. Rosani Bandeira,"Av. Porto Alegre, 427D - SL 801 · (49) 3323-8448",https://odontologiabandeira.com.br/,
Sorridente Clínica Odontológica,"R. São Miguel do Oeste, 51 · (49) 3329-5502",https://www.facebook.com/sorridenteodontologiacco/,
,,,
,,,
,,,
,,,
,,,
,,,
,,,
,,,
,,,
,,,
,,,
,,,
,,,
,,,
,,,
,,,
,,,
,,,
,,,
,,,
,,,
,,,
,,,
